date,ARKK_shares_adj,ARKQ_shares_adj,combined_shares_adj,ARKK_weight_pct,ARKQ_weight_pct,TSLA_close
2021-07-01,10699560.0,1484109.0,12183669.0,9.55,10.84,225.97332763671875
2021-07-02,10605618.0,1482039.0,12087657.0,9.66,10.91,226.3000030517578
2021-07-06,10553121.0,1482039.0,12035160.0,9.75,11.04,219.86000061035156
2021-07-07,10528254.0,1479972.0,12008226.0,9.55,10.85,214.88333129882812
2021-07-08,10824528.0,1475838.0,12300366.0,9.87,10.73,217.60333251953125
2021-07-09,10801728.0,1475838.0,12277566.0,10.05,10.97,218.98333740234375
2021-07-12,10773228.0,1473771.0,12246999.0,9.93,10.83,228.56666564941406
2021-07-13,10818828.0,1473771.0,12292599.0,10.45,11.32,222.84666442871094
2021-07-14,10778928.0,1473771.0,12252699.0,10.4,11.15,217.7933349609375
2021-07-15,10670628.0,1469637.0,12140265.0,10.49,11.09,216.86666870117188
2021-07-16,10593678.0,1463436.0,12057114.0,10.57,11.17,214.74000549316406
2021-07-19,10570878.0,1459302.0,12030180.0,10.49,11.21,215.4066619873047
2021-07-20,10690578.0,1453101.0,12143679.0,10.51,11.33,220.1666717529297
2021-07-21,10787478.0,1451034.0,12238512.0,10.45,11.32,218.42999267578125
2021-07-22,10912878.0,1448967.0,12361845.0,10.14,11.04,216.4199981689453
2021-07-23,10796028.0,1448967.0,12244995.0,10.08,11.02,214.4600067138672
2021-07-26,10753278.0,1442766.0,12196044.0,9.98,10.97,219.2066650390625
2021-07-27,10764678.0,1442766.0,12207444.0,10.28,11.36,214.92666625976562
2021-07-28,10642128.0,1436565.0,12078693.0,10.31,11.45,215.66000366210938
2021-07-29,10653528.0,1434498.0,12088026.0,10.14,11.33,225.78334045410156
2021-07-30,10682028.0,1432431.0,12114459.0,10.58,11.59,229.06666564941406
2021-08-02,10502499.0,1430364.0,11932863.0,10.68,11.64,236.55667114257812
2021-08-03,10513695.0,1417962.0,11931657.0,10.93,11.75,236.5800018310547
2021-08-04,10452117.0,1407627.0,11859744.0,11.0,11.84,236.97332763671875
2021-08-05,10440921.0,1405560.0,11846481.0,10.76,12.19,238.2100067138672
2021-08-06,10058703.0,1403493.0,11462196.0,10.19,12.03,233.03334045410156
2021-08-09,10015791.0,1403493.0,11419284.0,10.16,11.83,237.9199981689453
2021-08-10,10026519.0,1403493.0,11430012.0,10.21,11.97,236.663330078125
2021-08-11,10018473.0,1403493.0,11421966.0,10.44,11.88,235.94000244140625
2021-08-12,9956718.0,1399359.0,11356077.0,10.43,11.79,240.75
2021-08-13,9959403.0,1397292.0,11356695.0,10.62,12.04,239.05667114257812
2021-08-16,9932553.0,1395225.0,11327778.0,10.68,12.19,228.72332763671875
2021-08-17,9868113.0,1391091.0,11259204.0,10.43,11.9,221.90333557128906
2021-08-18,9758028.0,1386957.0,11144985.0,10.25,11.68,229.663330078125
2021-08-19,9768756.0,1384890.0,11153646.0,10.62,12.05,224.49000549316406
2021-08-20,9768756.0,1376622.0,11145378.0,10.56,11.93,226.75332641601562
2021-08-23,9717741.0,1374555.0,11092296.0,10.51,11.93,235.43333435058594
2021-08-24,9808929.0,1372488.0,11181417.0,10.57,12.09,236.163330078125
2021-08-25,9838431.0,1370421.0,11208852.0,10.45,11.86,237.06666564941406
2021-08-26,9873297.0,1368354.0,11241651.0,10.49,11.84,233.72000122070312
2021-08-27,9862557.0,1366287.0,11228844.0,10.53,11.72,237.30667114257812
2021-08-30,9849132.0,1364220.0,11213352.0,10.46,11.7,243.6366729736328
2021-08-31,9833040.0,1360086.0,11193126.0,10.65,11.91,245.24000549316406
2021-09-01,9822312.0,1358019.0,11180331.0,10.76,12.05,244.69667053222656
2021-09-02,9822312.0,1358019.0,11180331.0,10.61,11.93,244.1300048828125
2021-09-03,9833052.0,1358019.0,11191071.0,10.49,11.81,244.52333068847656
2021-09-07,9739077.0,1358019.0,11097096.0,10.49,11.8,250.97332763671875
2021-09-08,9733707.0,1358019.0,11091726.0,10.79,12.07,251.2899932861328
2021-09-09,9302751.0,1334262.0,10637013.0,10.71,12.14,251.6199951171875
2021-09-10,9207288.0,1334262.0,10541550.0,10.57,12.14,245.42333984375
2021-09-13,9197052.0,1334262.0,10531314.0,10.41,11.98,247.6666717529297
2021-09-14,9186816.0,1330194.0,10517010.0,10.71,12.14,248.163330078125
2021-09-15,8965473.0,1326126.0,10291599.0,10.61,12.3,251.94332885742188
2021-09-16,8780010.0,1324092.0,10104102.0,10.45,12.42,252.3300018310547
2021-09-17,8672733.0,1324092.0,9996825.0,10.25,12.42,253.163330078125
2021-09-20,8675142.0,1324092.0,9999234.0,10.03,12.42,243.38999938964844
2021-09-21,8745003.0,1320024.0,10065027.0,10.09,12.44,246.4600067138672
2021-09-22,8735367.0,1320024.0,10055391.0,10.14,12.51,250.64666748046875
2021-09-23,8745003.0,1320024.0,10065027.0,10.2,12.59,251.2133331298828
2021-09-24,8728140.0,1315956.0,10044096.0,10.14,12.44,258.1300048828125
2021-09-27,8682369.0,1307820.0,9990189.0,10.61,12.87,263.78668212890625
2021-09-28,8595645.0,1274820.0,9870465.0,10.84,12.74,259.1866760253906
2021-09-29,7659312.0,1138719.0,8798031.0,10.06,11.53,260.4366760253906
2021-09-30,7646244.0,1135167.0,8781411.0,10.34,11.74,258.49334716796875
2021-10-01,7635354.0,1135167.0,8770521.0,10.2,11.77,258.40667724609375
2021-10-06,7588974.0,1033263.0,8622237.0,10.04,11.01,260.9166564941406
2021-10-07,7420659.0,1033263.0,8453922.0,9.72,10.97,264.53668212890625
2021-10-08,7408329.0,1033263.0,8441592.0,9.65,10.87,261.8299865722656
2021-10-11,7363053.0,1031634.0,8394687.0,9.72,10.81,263.9800109863281
2021-10-12,7356888.0,1031634.0,8388522.0,9.85,10.98,268.5733337402344
2021-10-13,7356888.0,1028376.0,8385264.0,9.87,11.07,270.3599853515625
2021-10-14,7375410.0,1028376.0,8403786.0,9.81,11.09,272.7733459472656
2021-10-15,7428918.0,1028376.0,8457294.0,9.73,11.03,281.010009765625
2021-10-18,7342482.0,1028376.0,8370858.0,9.99,11.33,290.03668212890625
2021-10-19,7319877.0,1016187.0,8336064.0,10.19,11.52,288.0899963378906
2021-10-20,7396023.0,1016187.0,8412210.0,9.92,11.23,288.6000061035156
2021-10-21,7387791.0,1016187.0,8403978.0,9.99,11.3,298.0
2021-10-22,7275057.0,1001307.0,8276364.0,10.1,11.46,303.2266540527344
2021-10-25,7094073.0,1001307.0,8095380.0,10.24,11.82,341.6199951171875
2021-10-26,7082157.0,999714.0,8081871.0,11.15,12.88,339.4766540527344
2021-10-27,6802389.0,937914.0,7740303.0,10.67,12.11,345.9533386230469
2021-10-28,6618867.0,883548.0,7502415.0,10.87,11.82,359.0133361816406
2021-11-15,5943384.0,861015.0,6804399.0,10.01,11.09,337.7966613769531
2021-11-16,5967492.0,861015.0,6828507.0,9.91,10.89,351.57666015625
2021-11-17,5979546.0,861015.0,6840561.0,10.18,11.22,363.0033264160156
2021-11-18,5965770.0,859605.0,6825375.0,10.68,11.69,365.4599914550781
2021-11-19,5881929.0,856785.0,6738714.0,10.88,11.9,379.0199890136719
2021-11-22,5774289.0,855375.0,6629664.0,11.26,12.38,385.6233215332031
2021-11-23,5511753.0,783417.0,6295170.0,11.3,12.01,369.6766662597656
2021-11-24,5153508.0,780813.0,5934321.0,10.38,11.59,372.0
2021-11-26,4996002.0,780813.0,5776815.0,9.95,11.42,360.6400146484375
2021-11-29,4993122.0,780813.0,5773935.0,9.7,11.36,378.9966735839844
2021-11-30,5008962.0,779511.0,5788473.0,10.22,11.94,381.586669921875
2021-12-01,4934514.0,776907.0,5711421.0,10.27,12.09,365.0
2021-12-02,4907553.0,774303.0,5681856.0,10.49,11.87,361.5333251953125
2021-12-03,4735734.0,771699.0,5507433.0,9.98,11.68,338.3233337402344
2021-12-06,4328718.0,761283.0,5090001.0,9.16,11.31,336.336669921875
2021-12-07,4256079.0,759981.0,5016060.0,8.76,11.13,350.5833435058594
2021-12-08,4267203.0,758679.0,5025882.0,8.64,11.35,356.32000732421875
2021-12-09,4257315.0,758679.0,5015994.0,8.52,11.37,334.6000061035156
2021-12-10,4144212.0,744714.0,4888926.0,8.29,10.79,339.010009765625
2021-12-13,4052325.0,734532.0,4786857.0,8.39,10.87,322.13665771484375
2021-12-14,4080909.0,732006.0,4812915.0,8.11,10.55,319.5033264160156
2021-12-15,4089246.0,729480.0,4818726.0,8.14,10.59,325.3299865722656
2021-12-16,3955887.0,702348.0,4658235.0,7.73,10.35,308.97332763671875
2021-12-17,3897075.0,696213.0,4593288.0,7.61,10.11,310.8566589355469
2021-12-20,3903861.0,694986.0,4598847.0,7.23,10.06,299.9800109863281
2021-12-21,3907254.0,694986.0,4602240.0,7.17,9.96,312.84332275390625
2021-12-22,3941184.0,692532.0,4633716.0,7.21,10.01,336.2900085449219
2021-12-23,3927612.0,692532.0,4620144.0,7.75,10.66,355.6666564941406
2021-12-27,3928743.0,691305.0,4620048.0,8.12,11.11,364.64666748046875
2021-12-28,3839031.0,676095.0,4515126.0,8.37,11.1,362.8233337402344
2021-12-29,3762534.0,666753.0,4429287.0,8.39,11.07,362.0633239746094
2021-12-30,3680910.0,651546.0,4332456.0,8.25,10.85,356.7799987792969
2021-12-31,3622044.0,648063.0,4270107.0,7.74,10.58,352.260009765625
2022-01-03,3596628.0,648063.0,4244691.0,7.88,10.62,399.9266662597656
2022-01-04,3607218.0,614760.0,4221978.0,8.73,11.19,383.1966552734375
2022-01-05,3474723.0,613659.0,4088382.0,8.54,10.87,362.7066650390625
2022-01-06,3441699.0,613659.0,4055358.0,8.67,10.77,354.8999938964844
2022-01-07,3464403.0,610356.0,4074759.0,8.55,10.58,342.32000732421875
2022-01-10,3507747.0,602649.0,4110396.0,8.37,10.33,352.7066650390625
2022-01-11,3523227.0,596043.0,4119270.0,8.62,10.81,354.79998779296875
2022-01-12,3554187.0,593841.0,4148028.0,8.43,10.63,368.739990234375
2022-01-13,3497715.0,591639.0,4089354.0,8.97,11.03,343.85333251953125
2022-01-14,3192249.0,590538.0,3782787.0,8.29,10.65,349.8699951171875
2022-01-18,3084381.0,588336.0,3672717.0,8.25,10.85,343.5033264160156
2022-01-19,3131631.0,586134.0,3717765.0,8.41,11.01,331.8833312988281
2022-01-20,3170376.0,580629.0,3751005.0,8.26,10.82,332.0899963378906
2022-01-21,3202506.0,578427.0,3780933.0,8.28,10.81,314.6333312988281
2022-01-24,3198726.0,583932.0,3782658.0,8.29,10.56,310.0
2022-01-25,3212901.0,559710.0,3772611.0,7.98,10.38,306.1333312988281
2022-01-26,3267711.0,558609.0,3826320.0,8.16,10.45,312.4700012207031
2022-01-27,3211011.0,555306.0,3766317.0,8.54,10.79,276.3666687011719
2022-01-28,3269838.0,549801.0,3819639.0,8.07,9.97,282.1166687011719
2022-01-31,3261117.0,548700.0,3809817.0,7.92,10.0,312.239990234375
2022-02-01,3419367.0,547599.0,3966966.0,8.23,10.44,310.4166564941406
2022-02-02,3419910.0,547599.0,3967509.0,8.05,10.3,301.88665771484375
2022-02-03,3383745.0,547599.0,3931344.0,8.25,10.18,297.0466613769531
2022-02-04,3333645.0,545397.0,3879042.0,8.59,10.37,307.7733459472656
2022-02-07,3311889.0,545397.0,3857286.0,8.48,10.5,302.4466552734375
2022-02-08,3401901.0,545397.0,3947298.0,8.55,10.29,307.3333435058594
2022-02-09,3429522.0,545397.0,3974919.0,8.69,10.22,310.6666564941406
2022-02-10,3513408.0,545397.0,4058805.0,8.41,10.12,301.51666259765625
2022-02-11,3503178.0,543195.0,4046373.0,8.36,10.06,286.6666564941406
2022-02-14,3465327.0,543195.0,4008522.0,8.1,9.69,291.9200134277344
2022-02-15,3488856.0,542094.0,4030950.0,8.34,9.9,307.4766540527344
2022-02-16,3536937.0,542094.0,4079031.0,8.36,10.03,307.7966613769531
2022-02-17,3519546.0,542094.0,4061640.0,8.65,10.07,292.1166687011719
2022-02-18,3493971.0,545850.0,4039821.0,8.76,9.93,285.6600036621094
2022-02-22,3504201.0,542520.0,4046721.0,9.01,9.86,273.84332275390625
2022-02-23,3544083.0,551820.0,4095903.0,8.98,9.96,254.67999267578125
2022-02-24,3599097.0,548436.0,4147533.0,8.68,9.57,266.92333984375
2022-02-25,3735282.0,559812.0,4295094.0,8.59,9.71,269.9566650390625
2022-02-28,3738450.0,571593.0,4310043.0,8.41,9.87,290.1433410644531
2022-03-01,3766962.0,571593.0,4338555.0,8.69,10.24,288.1233215332031
2022-03-02,3787026.0,571593.0,4358619.0,8.89,10.39,293.2966613769531
2022-03-03,3788082.0,571593.0,4359675.0,9.17,10.55,279.7633361816406
2022-03-04,3763794.0,571593.0,4335387.0,9.33,10.46,279.42999267578125
2022-03-07,3742674.0,570417.0,4313091.0,9.77,10.68,268.1933288574219
2022-03-08,3797586.0,570417.0,4368003.0,9.75,10.43,274.79998779296875
2022-03-09,3893682.0,566889.0,4460571.0,9.89,10.65,286.3233337402344
2022-03-10,3868338.0,566889.0,4435227.0,9.8,10.77,279.4333190917969
2022-03-11,3912690.0,566889.0,4479579.0,9.9,10.67,265.1166687011719
2022-03-14,3895794.0,566889.0,4462683.0,10.05,10.49,255.4566650390625
2022-03-15,3890514.0,566889.0,4457403.0,10.3,10.47,267.2966613769531
2022-03-16,3925362.0,568065.0,4493427.0,10.38,10.68,280.07666015625
2022-03-17,4045746.0,568065.0,4613811.0,9.87,10.5,290.5333251953125
2022-03-18,4097490.0,568065.0,4665555.0,9.75,10.53,301.7966613769531
2022-03-21,4068978.0,568065.0,4637043.0,9.66,10.56,307.0533447265625
2022-03-22,4006674.0,568065.0,4574739.0,10.16,10.83,331.32666015625
2022-03-23,3961266.0,568065.0,4529331.0,10.45,11.36,333.03668212890625
2022-03-24,3939090.0,566889.0,4505979.0,10.72,11.55,337.97332763671875
2022-03-25,3898962.0,566889.0,4465851.0,10.75,11.5,336.8800048828125
2022-03-28,3499983.0,517602.0,4017585.0,10.02,10.54,363.9466552734375
2022-03-29,3479823.0,517602.0,3997425.0,10.41,11.26,366.5233459472656
2022-03-30,3389298.0,517602.0,3906900.0,9.51,11.03,364.663330078125
2022-03-31,3387450.0,517602.0,3905052.0,9.81,11.19,359.20001220703125
2022-04-01,3282294.0,499269.0,3781563.0,9.75,11.02,361.5299987792969
2022-04-04,3264174.0,499269.0,3763443.0,9.67,10.98,381.8166809082031
2022-04-05,3283200.0,499269.0,3782469.0,9.8,11.23,363.7533264160156
2022-04-06,3277764.0,499269.0,3777033.0,9.88,11.05,348.586669921875
2022-04-07,3248772.0,499269.0,3748041.0,9.94,10.97,352.4200134277344
2022-04-08,3227028.0,499269.0,3726297.0,10.17,11.12,341.8299865722656
2022-04-11,3189882.0,499269.0,3689151.0,10.19,11.02,325.30999755859375
2022-04-12,3217062.0,497199.0,3714261.0,9.83,10.61,328.98333740234375
2022-04-13,3257832.0,496164.0,3753996.0,9.95,10.76,340.7900085449219
2022-04-14,3303132.0,496164.0,3799296.0,9.99,10.93,328.3333435058594
2022-04-18,3294978.0,496164.0,3791142.0,10.07,10.72,334.7633361816406
2022-04-19,3309474.0,494094.0,3803568.0,10.55,11.05,342.7166748046875
2022-04-20,3323970.0,494094.0,3818064.0,10.39,11.07,325.73333740234375
2022-04-21,3117600.0,494094.0,3611694.0,9.84,10.75,336.260009765625
2022-04-22,2881008.0,451587.0,3332595.0,10.0,10.5,335.01666259765625
2022-04-25,2896056.0,451587.0,3347643.0,10.13,10.7,332.67333984375
2022-04-26,2889756.0,449691.0,3339447.0,9.64,10.42,292.1400146484375
2022-04-27,2943408.0,449691.0,3393099.0,9.08,9.67,293.836669921875
2022-04-28,2941830.0,447795.0,3389625.0,9.34,9.78,292.5033264160156
2022-04-29,2895156.0,447795.0,3342951.0,9.32,9.54,290.2533264160156
2022-05-02,2921676.0,446847.0,3368523.0,9.58,9.69,300.9800109863281
2022-05-03,2895156.0,446847.0,3342003.0,9.37,9.83,303.0833435058594
2022-05-04,2938056.0,444951.0,3383007.0,9.49,9.9,317.5400085449219
2022-05-05,3047256.0,444003.0,3491259.0,9.45,10.05,291.09332275390625
2022-05-06,2999283.0,444003.0,3443286.0,9.26,9.82,288.54998779296875
2022-05-09,2920347.0,444003.0,3364350.0,9.61,9.97,262.3699951171875
2022-05-10,2887941.0,442107.0,3330048.0,9.54,9.74,266.67999267578125
2022-05-11,2974593.0,442107.0,3416700.0,9.72,9.9,244.6666717529297
2022-05-12,2961147.0,441159.0,3402306.0,9.91,9.52,242.6666717529297
2022-05-13,2978328.0,438315.0,3416643.0,9.31,9.22,256.5299987792969
2022-05-16,3061992.0,437367.0,3499359.0,8.81,9.22,241.4566650390625
2022-05-17,3053028.0,435471.0,3488499.0,8.79,8.87,253.8699951171875
2022-05-18,3043317.0,433575.0,3476892.0,8.81,8.89,236.60333251953125
2022-05-19,2970858.0,432627.0,3403485.0,8.58,8.55,236.47332763671875
2022-05-20,2968617.0,429783.0,3398400.0,8.21,8.39,221.3000030517578
2022-05-23,2965629.0,424095.0,3389724.0,7.79,8.04,224.96665954589844
2022-05-24,3025902.0,424095.0,3449997.0,8.1,8.11,209.3866729736328
2022-05-25,3037881.0,423147.0,3461028.0,8.28,7.84,219.60000610351562
2022-05-26,3063027.0,422199.0,3485226.0,8.35,8.08,235.91000366210938
2022-05-27,3084783.0,422199.0,3506982.0,8.63,8.42,253.2100067138672
2022-05-31,3120525.0,422199.0,3542724.0,8.67,8.68,252.75332641601562
2022-06-01,3109725.0,422199.0,3531924.0,8.93,8.77,246.7899932861328
2022-06-02,3068544.0,420303.0,3488847.0,9.03,8.68,258.3333435058594
2022-06-03,3078684.0,420303.0,3498987.0,8.82,8.61,234.51666259765625
2022-06-06,3051384.0,420303.0,3471687.0,8.45,8.05,238.27999877929688
2022-06-07,3041283.0,434415.0,3475698.0,8.52,8.48,238.8866729736328
2022-06-08,3059931.0,440094.0,3500025.0,8.32,8.51,241.86666870117188
2022-06-09,3063039.0,445506.0,3508545.0,8.21,8.64,239.7066650390625
2022-06-10,3069279.0,445506.0,3514785.0,8.63,8.86,232.22999572753906
2022-06-13,3007659.0,445506.0,3453165.0,8.98,8.88,215.73666381835938
2022-06-14,2975679.0,453906.0,3429585.0,9.16,8.93,220.88999938964844
2022-06-15,3011559.0,454806.0,3466365.0,9.3,9.13,233.0
2022-06-16,3062259.0,452754.0,3515013.0,9.23,9.3,213.10000610351562
2022-06-17,3084879.0,468276.0,3553155.0,8.97,9.26,216.75999450683594
2022-06-21,3087219.0,468276.0,3555495.0,8.71,9.12,237.0366668701172
2022-06-22,3145719.0,466158.0,3611877.0,9.13,9.73,236.086669921875
2022-06-23,3178479.0,464040.0,3642519.0,8.96,9.71,235.07000732421875
2022-06-24,3198759.0,464040.0,3662799.0,8.33,9.5,245.7066650390625
2022-06-27,3222939.0,464040.0,3686979.0,8.35,9.71,244.9199981689453
2022-06-28,3174579.0,464040.0,3638619.0,8.51,9.8,232.663330078125
2022-06-29,3116859.0,464040.0,3580899.0,8.58,9.59,228.49000549316406
2022-06-30,3091899.0,462981.0,3554880.0,8.56,9.58,224.47332763671875
2022-07-01,3069279.0,462981.0,3532260.0,8.73,9.49,227.26333618164062
2022-07-05,3070839.0,462981.0,3533820.0,8.59,9.59,233.06666564941406
2022-07-06,3182727.0,462981.0,3645708.0,8.12,9.66,231.73333740234375
2022-07-07,3223131.0,462981.0,3686112.0,8.21,9.78,244.5433349609375
2022-07-08,3202929.0,462981.0,3665910.0,8.1,9.88,250.76333618164062
2022-07-11,3187389.0,461922.0,3649311.0,8.34,10.12,234.3433380126953
2022-07-12,3192051.0,461922.0,3653973.0,8.35,9.87,233.07000732421875
2022-07-13,3171849.0,461922.0,3633771.0,8.18,9.88,237.0399932861328
2022-07-14,3190497.0,461922.0,3652419.0,8.43,10.07,238.31333923339844
2022-07-15,3188943.0,461922.0,3650865.0,8.63,10.18,240.06666564941406
2022-07-19,3209145.0,461922.0,3671067.0,8.5,10.03,245.52999877929688
2022-07-20,3199005.0,461922.0,3660927.0,8.34,9.97,247.5
2022-07-21,3219285.0,461922.0,3681207.0,8.02,9.82,271.7066650390625
2022-07-22,3252045.0,461922.0,3713967.0,8.66,10.46,272.24334716796875
2022-07-25,3228735.0,460863.0,3689598.0,9.17,10.81,268.4333190917969
2022-07-26,3208533.0,460863.0,3669396.0,9.15,10.71,258.8599853515625
2022-07-27,3202317.0,459804.0,3662121.0,9.24,10.53,274.82000732421875
2022-07-28,3224850.0,457686.0,3682536.0,9.21,10.77,280.8999938964844
2022-07-29,3225627.0,457686.0,3683313.0,9.47,10.79,297.1499938964844
2022-08-01,3124539.0,457686.0,3582225.0,9.94,11.22,297.27667236328125
2022-08-02,3104883.0,457686.0,3562569.0,9.83,11.21,300.586669921875
2022-08-03,3095055.0,457686.0,3552741.0,9.67,11.23,307.39666748046875
2022-08-04,3098079.0,457686.0,3555765.0,9.34,11.21,308.6333312988281
2022-08-05,3068595.0,457686.0,3526281.0,9.3,11.21,288.1700134277344
2022-08-08,3037599.0,457686.0,3495285.0,8.69,10.64,290.42333984375
2022-08-09,3025503.0,457686.0,3483189.0,8.62,10.64,283.3333435058594
2022-08-10,2996775.0,456627.0,3453402.0,8.9,10.63,294.3566589355469
2022-08-11,2989215.0,455568.0,3444783.0,8.63,10.53,286.6300048828125
2022-08-12,2942343.0,455568.0,3397911.0,8.65,10.3,300.0299987792969
2022-08-15,2948391.0,455568.0,3403959.0,8.71,10.49,309.32000732421875
2022-08-16,2940075.0,455568.0,3395643.0,8.96,10.84,306.5633239746094
2022-08-17,2915127.0,455568.0,3370695.0,9.12,10.77,303.9966735839844
2022-08-18,2890179.0,454509.0,3344688.0,9.54,11.06,302.8699951171875
2022-08-19,2855403.0,454509.0,3309912.0,9.62,11.02,296.6666564941406
2022-08-22,2819115.0,453450.0,3272565.0,10.02,11.19,289.913330078125
2022-08-23,2813823.0,452391.0,3266214.0,10.05,11.3,296.4533386230469
2022-08-24,2877075.0,452391.0,3329466.0,10.32,11.62,297.0966796875
2022-08-25,2899755.0,452391.0,3352146.0,10.07,11.46,296.07000732421875
2022-08-26,2923160.0,452391.0,3375551.0,9.78,11.2,288.0899963378906
2022-08-29,2908815.0,451331.0,3360146.0,10.15,11.39,284.82000732421875
2022-08-30,2871820.0,451331.0,3323151.0,10.19,11.4,277.70001220703125
2022-08-31,2866535.0,451331.0,3317866.0,10.0,11.29,275.6099853515625
2022-09-01,2877860.0,451331.0,3329191.0,9.94,11.24,277.1600036621094
2022-09-02,2768732.0,435163.0,3203895.0,9.63,11.06,270.2099914550781
2022-09-06,2753507.0,434141.0,3187648.0,9.64,11.0,274.4200134277344
2022-09-07,2739007.0,434141.0,3173148.0,9.95,11.15,283.70001220703125
2022-09-08,2772357.0,434141.0,3206498.0,9.93,11.52,289.260009765625
2022-09-09,2797007.0,434141.0,3231148.0,9.81,11.57,299.67999267578125
2022-09-12,2824557.0,433120.0,3257677.0,9.74,11.59,304.4200134277344
2022-09-13,2835432.0,433120.0,3268552.0,9.66,11.63,292.1300048828125
2022-09-14,2783232.0,433120.0,3216352.0,9.91,11.67,302.6099853515625
2022-09-15,2743357.0,431076.0,3174433.0,10.02,12.0,303.75
2022-09-16,2736107.0,431076.0,3167183.0,9.86,12.15,303.3500061035156
2022-09-19,2738282.0,431076.0,3169358.0,10.31,12.37,309.07000732421875
2022-09-20,2744807.0,431076.0,3175883.0,10.53,12.55,308.7300109863281
2022-09-21,2813682.0,430055.0,3243737.0,10.82,12.72,300.79998779296875
2022-09-22,2805707.0,429034.0,3234741.0,10.82,12.55,288.5899963378906
2022-09-23,2788307.0,429034.0,3217341.0,10.83,12.3,275.3299865722656
2022-09-26,2791932.0,429034.0,3220966.0,10.52,12.06,276.010009765625
2022-09-27,2819482.0,429034.0,3248516.0,10.68,12.23,282.94000244140625
2022-09-28,2831807.0,429034.0,3260841.0,10.74,12.45,287.80999755859375
2022-09-29,2908657.0,426992.0,3335649.0,10.44,12.35,268.2099914550781
2022-09-30,2910832.0,426992.0,3337824.0,10.27,12.02,265.25
2022-10-03,2927507.0,424948.0,3352455.0,10.2,12.04,242.39999389648438
2022-10-04,3046762.0,424948.0,3471710.0,9.63,10.86,249.44000244140625
2022-10-05,3069382.0,425969.0,3495351.0,9.21,10.69,240.80999755859375
2022-10-06,3031030.0,425969.0,3456999.0,9.03,10.48,238.1300048828125
2022-10-07,2991174.0,425969.0,3417143.0,8.91,10.44,223.07000732421875
2022-10-10,2948310.0,424947.0,3373257.0,8.9,10.24,222.9600067138672
2022-10-11,2940790.0,424947.0,3365737.0,9.2,10.4,216.5
2022-10-12,2921238.0,424947.0,3346185.0,9.1,10.26,217.24000549316406
2022-10-13,2952070.0,424947.0,3377017.0,9.05,10.37,221.72000122070312
2022-10-14,2981398.0,420863.0,3402261.0,9.26,10.39,204.99000549316406
2022-10-17,2988918.0,420863.0,3409781.0,9.07,10.0,219.35000610351562
2022-10-18,2979142.0,419842.0,3398984.0,9.07,10.22,220.19000244140625
2022-10-19,2977638.0,417800.0,3395438.0,8.97,10.16,222.0399932861328
2022-10-20,2978390.0,416778.0,3395168.0,9.42,10.41,207.27999877929688
2022-10-21,3035556.0,416778.0,3452334.0,9.03,9.85,214.44000244140625
2022-10-24,3010212.0,416778.0,3426990.0,9.19,9.94,211.25
2022-10-25,3012519.0,427599.0,3440118.0,9.17,10.12,222.4199981689453
2022-10-26,3046311.0,427599.0,3473910.0,9.06,10.29,224.63999938964844
2022-10-27,3075495.0,427599.0,3503094.0,9.13,10.35,225.08999633789062
2022-10-28,3075495.0,427599.0,3503094.0,9.14,10.3,228.52000427246094
2022-11-01,3082407.0,426551.0,3508958.0,9.14,10.28,227.82000732421875
2022-11-02,3078567.0,426551.0,3505118.0,9.12,10.3,214.97999572753906
2022-11-03,3050151.0,425503.0,3475654.0,9.02,10.11,215.30999755859375
2022-11-04,3011751.0,425503.0,3437254.0,9.12,10.2,207.47000122070312
2022-11-07,3007911.0,425503.0,3433414.0,9.04,9.8,197.0800018310547
2022-11-08,3011756.0,425503.0,3437259.0,8.67,9.28,191.3000030517578
2022-11-09,3047852.0,425503.0,3473355.0,8.43,9.07,177.58999633789062
2022-11-10,3100022.0,433628.0,3533650.0,8.45,8.98,190.72000122070312
2022-11-11,3148847.0,433628.0,3582475.0,7.94,8.96,195.97000122070312
2022-11-14,3227897.0,432557.0,3660454.0,7.54,8.97,190.9499969482422
2022-11-15,3252697.0,463570.0,3716267.0,7.62,9.62,194.4199981689453
2022-11-16,3281372.0,467570.0,3748942.0,7.54,9.59,186.9199981689453
2022-11-17,3279047.0,470274.0,3749321.0,7.62,9.59,183.1699981689453
2022-11-18,3254247.0,469107.0,3723354.0,7.63,9.53,180.19000244140625
2022-11-21,3209297.0,469107.0,3678404.0,7.64,9.42,167.8699951171875
2022-11-22,3184497.0,469107.0,3653604.0,7.39,8.95,169.91000366210938
2022-11-23,3184497.0,466773.0,3651270.0,7.46,9.03,183.1999969482422
2022-11-25,3187597.0,466773.0,3654370.0,7.81,9.52,182.86000061035156
2022-11-28,3176747.0,466773.0,3643520.0,7.87,9.5,182.9199981689453
2022-11-29,3167447.0,466773.0,3634220.0,8.11,9.72,180.8300018310547
2022-12-01,3125597.0,465606.0,3591203.0,8.04,9.9,194.6999969482422
2022-12-02,3169772.0,465606.0,3635378.0,7.98,9.85,194.86000061035156
2022-12-05,3149622.0,465606.0,3615228.0,7.94,9.73,182.4499969482422
2022-12-06,3118622.0,465606.0,3584228.0,7.83,9.44,179.82000732421875
2022-12-07,3089947.0,465606.0,3555553.0,8.03,9.49,174.0399932861328
2022-12-08,3086072.0,465606.0,3551678.0,7.85,9.3,173.44000244140625
2022-12-09,3089172.0,465606.0,3554778.0,7.65,9.11,179.0500030517578
2022-12-12,3102347.0,465606.0,3567953.0,8.01,9.48,167.82000732421875
2022-12-13,3100797.0,462102.0,3562899.0,7.37,8.84,160.9499969482422
2022-12-14,3166672.0,462102.0,3628774.0,7.07,8.52,156.8000030517578
2022-12-15,3222784.0,472168.0,3694952.0,7.09,8.56,157.6699981689453
2022-12-16,3203434.0,471476.0,3674910.0,7.51,8.88,150.22999572753906
2022-12-19,3174260.0,470282.0,3644542.0,7.23,8.56,149.8699951171875
2022-12-20,3171860.0,496582.0,3668442.0,7.44,9.18,137.8000030517578
2022-12-21,3176585.0,496582.0,3673167.0,6.9,8.47,137.57000732421875
2022-12-22,3192172.0,494054.0,3686226.0,6.79,8.31,125.3499984741211
2022-12-23,3164734.0,492790.0,3657524.0,6.4,7.84,123.1500015258789
2022-12-27,3177929.0,492790.0,3670719.0,6.46,7.7,109.0999984741211
2022-12-28,3172220.0,491526.0,3663746.0,6.0,6.98,112.70999908447266
2022-12-29,3199189.0,490262.0,3689451.0,6.26,7.21,121.81999969482422
2022-12-30,3199455.0,490262.0,3689717.0,6.5,7.52,123.18000030517578
2023-01-03,3407110.0,487734.0,3894844.0,7.0,7.58,108.0999984741211
2023-01-04,3550999.0,519070.0,4070069.0,6.55,7.18,113.63999938964844
2023-01-05,3543454.0,521345.0,4064799.0,6.64,7.43,110.33999633789062
2023-01-06,3522087.0,521345.0,4043432.0,6.61,7.33,113.05999755859375
2023-01-09,3546593.0,554883.0,4101476.0,6.75,7.75,119.7699966430664
2023-01-10,3581398.0,571289.0,4152687.0,6.85,8.31,118.8499984741211
2023-01-11,3654146.0,592254.0,4246400.0,6.78,8.49,123.22000122070312
2023-01-12,3731828.0,614717.0,4346545.0,6.93,9.0,123.55999755859375
2023-01-13,3724012.0,614717.0,4338729.0,6.79,8.88,122.4000015258789
2023-01-17,3819726.0,614717.0,4434443.0,6.95,8.8,131.49000549316406
2023-01-18,3959617.0,657043.0,4616660.0,7.39,9.94,128.77999877929688
2023-01-19,3958752.0,674579.0,4633331.0,7.51,10.13,127.16999816894531
2023-01-20,4001802.0,674579.0,4676381.0,7.66,10.23,133.4199981689453
2023-01-23,4096302.0,674579.0,4770881.0,7.67,10.42,143.75
2023-01-24,4070695.0,674579.0,4745274.0,7.96,10.92,143.88999938964844
2023-01-25,4066483.0,674579.0,4741062.0,8.1,11.0,144.42999267578125
2023-01-26,4045423.0,674579.0,4720002.0,8.13,11.06,160.27000427246094
2023-01-27,4035946.0,674579.0,4710525.0,8.83,11.99,177.89999389648438
2023-01-30,4057006.0,674579.0,4731585.0,9.29,12.92,166.66000366210938
2023-02-01,4041211.0,672813.0,4714024.0,9.12,12.6,181.41000366210938
2023-02-02,4042264.0,672813.0,4715077.0,9.17,12.7,188.27000427246094
2023-02-03,4067536.0,672813.0,4740349.0,8.93,12.82,189.97999572753906
2023-02-06,4009621.0,672813.0,4682434.0,9.34,13.14,194.75999450683594
2023-02-07,3955918.0,672813.0,4628731.0,9.69,13.61,196.80999755859375
2023-02-08,3916957.0,672813.0,4589770.0,9.63,13.62,201.2899932861328
2023-02-09,3945388.0,672813.0,4618201.0,10.15,14.19,207.32000732421875
2023-02-10,3972766.0,672813.0,4645579.0,10.77,14.68,196.88999938964844
2023-02-13,3923275.0,672813.0,4596088.0,10.58,14.24,194.63999938964844
2023-02-14,3986455.0,672813.0,4659268.0,10.29,13.94,209.25
2023-02-15,3990667.0,672813.0,4663480.0,10.8,14.7,214.24000549316406
2023-02-16,3987508.0,674579.0,4662087.0,10.44,14.72,202.0399932861328
2023-02-17,3965395.0,674579.0,4639974.0,10.1,14.22,208.30999755859375
2023-02-21,3896950.0,674579.0,4571529.0,10.48,14.52,197.3699951171875
2023-02-22,3831664.0,674579.0,4506243.0,10.58,14.28,200.86000061035156
2023-02-23,3904666.0,674579.0,4579245.0,10.51,14.48,202.07000732421875
2023-02-24,3976678.0,674579.0,4651257.0,10.73,14.49,196.8800048828125
2023-02-27,3935611.0,674579.0,4610190.0,10.78,14.31,207.6300048828125
2023-03-01,4059865.0,674579.0,4734444.0,10.95,14.82,202.77000427246094
2023-03-02,3995632.0,674579.0,4670211.0,11.04,14.66,190.89999389648438
2023-03-03,3981943.0,672813.0,4654756.0,10.29,13.77,197.7899932861328
2023-03-07,3987208.0,672813.0,4660021.0,10.29,13.74,187.7100067138672
2023-03-08,3961936.0,672813.0,4634749.0,10.12,13.52,182.0
2023-03-09,3991783.0,672813.0,4664596.0,9.96,13.18,172.9199981689453
2023-03-10,3958706.0,672813.0,4631519.0,9.9,12.9,173.44000244140625
2023-03-13,3953371.0,672813.0,4626184.0,10.28,13.19,174.47999572753906
2023-03-14,4198125.0,672813.0,4870938.0,10.12,13.27,183.25999450683594
2023-03-15,4173492.0,672813.0,4846305.0,10.41,13.69,180.4499969482422
2023-03-16,4236681.0,669281.0,4905962.0,10.2,13.61,184.1300048828125
2023-03-17,4261314.0,667515.0,4928829.0,10.08,13.52,180.1300048828125
2023-03-20,4148859.0,667515.0,4816374.0,9.97,13.52,183.25
2023-03-21,4101735.0,667515.0,4769250.0,10.26,13.71,197.5800018310547
2023-03-22,4110303.0,667515.0,4777818.0,10.5,14.34,191.14999389648438
2023-03-23,4139220.0,667515.0,4806735.0,10.66,14.21,192.22000122070312
2023-03-24,3971395.0,667515.0,4638910.0,10.54,14.17,190.41000366210938
2023-03-27,3872004.0,667515.0,4539519.0,10.16,14.09,191.80999755859375
2023-03-28,3885121.0,667515.0,4552636.0,10.25,14.15,189.19000244140625
2023-03-29,3848797.0,667515.0,4516312.0,10.25,14.08,193.8800048828125
2023-03-30,3896220.0,667515.0,4563735.0,10.13,14.07,195.27999877929688
2023-04-03,3986021.0,663983.0,4650004.0,10.37,14.56,194.77000427246094
2023-04-04,3928508.0,663983.0,4592491.0,9.92,13.85,192.5800018310547
2023-04-05,3892184.0,663983.0,4556167.0,9.86,13.84,185.52000427246094
2023-04-06,3868977.0,663983.0,4532960.0,9.85,13.73,185.05999755859375
2023-04-10,3875031.0,663983.0,4539014.0,9.69,13.71,184.50999450683594
2023-04-11,3861914.0,663983.0,4525897.0,9.67,13.56,186.7899932861328
2023-04-12,3878058.0,663983.0,4542041.0,9.73,13.7,180.5399932861328
2023-04-13,3864941.0,663983.0,4528924.0,9.67,13.45,185.89999389648438
2023-04-14,3869986.0,663983.0,4533969.0,9.58,13.67,185.0
2023-04-17,3916400.0,663983.0,4580383.0,9.62,13.74,187.0399932861328
2023-04-18,3927499.0,663983.0,4591482.0,9.68,13.85,184.30999755859375
2023-04-19,3927499.0,663983.0,4591482.0,9.55,13.74,180.58999633789062
2023-04-20,3915391.0,663983.0,4579374.0,9.38,13.5,162.99000549316406
2023-04-21,4114012.0,663983.0,4777995.0,9.28,12.37,165.0800018310547
2023-04-24,4023402.0,663983.0,4687385.0,9.35,12.47,162.5500030517578
2023-04-25,4007412.0,663983.0,4671395.0,9.35,12.34,160.6699981689453
2023-04-26,4010610.0,662217.0,4672827.0,9.54,12.51,153.75
2023-04-27,4143191.0,662217.0,4805408.0,9.66,12.12,160.19000244140625
2023-04-28,4152071.0,662217.0,4814288.0,9.95,12.42,164.30999755859375
2023-05-01,4149851.0,662217.0,4812068.0,10.17,12.59,161.8300018310547
2023-05-02,4148741.0,667515.0,4816256.0,10.04,12.36,160.30999755859375
2023-05-03,4125431.0,667515.0,4792946.0,10.17,12.44,160.61000061035156
2023-05-04,4129871.0,665749.0,4795620.0,10.24,12.51,161.1999969482422
2023-05-05,4136531.0,665749.0,4802280.0,10.01,12.57,170.05999755859375
2023-05-08,4155401.0,665749.0,4821150.0,10.1,12.98,171.7899932861328
2023-05-09,4178711.0,665749.0,4844460.0,10.09,13.12,169.14999389648438
2023-05-10,4183151.0,665749.0,4848900.0,9.82,12.9,168.5399932861328
2023-05-11,4182041.0,665749.0,4847790.0,9.64,12.71,172.0800018310547
2023-05-12,4193131.0,665749.0,4858880.0,9.82,12.99,167.97999572753906
2023-05-15,4198681.0,665749.0,4864430.0,9.89,12.84,166.35000610351562
2023-05-16,4203121.0,665749.0,4868870.0,9.61,13.8,166.52000427246094
2023-05-17,4178701.0,665749.0,4844450.0,9.83,12.62,173.86000061035156
2023-05-18,4197571.0,665749.0,4863320.0,10.0,12.85,176.88999938964844
2023-05-19,4205341.0,665749.0,4871090.0,10.04,12.87,180.13999938964844
2023-05-22,4205341.0,665749.0,4871090.0,10.34,13.17,188.8699951171875
2023-05-23,4263061.0,665749.0,4928810.0,10.33,13.48,185.77000427246094
2023-05-24,4259731.0,665749.0,4925480.0,10.36,13.46,182.89999389648438
2023-05-25,4243081.0,665749.0,4908830.0,10.28,13.46,184.47000122070312
2023-05-26,4247521.0,665749.0,4913270.0,10.66,13.72,193.1699981689453
2023-05-30,4179872.0,665749.0,4845621.0,10.96,14.0,201.16000366210938
2023-06-01,4223162.0,665749.0,4888911.0,11.17,14.51,207.52000427246094
2023-06-02,4214282.0,674574.0,4888856.0,11.2,14.53,213.97000122070312
2023-06-05,4186532.0,676340.0,4862872.0,11.41,14.6,217.61000061035156
2023-06-06,4192082.0,676340.0,4868422.0,11.49,14.77,221.30999755859375
2023-06-07,4185422.0,678106.0,4863528.0,11.52,14.72,224.57000732421875
2023-06-08,4151012.0,679872.0,4830884.0,11.81,14.97,234.86000061035156
2023-06-09,4151012.0,679872.0,4830884.0,12.22,15.52,244.39999389648438
2023-06-12,4157672.0,679872.0,4837544.0,12.75,16.13,249.8300018310547
2023-06-13,3783171.0,648406.0,4431577.0,11.86,15.44,258.7099914550781
2023-06-14,3797479.0,651774.0,4449253.0,11.95,15.64,256.7900085449219
2023-06-15,3778061.0,653458.0,4431519.0,11.85,15.55,255.89999389648438
2023-06-16,3781127.0,653458.0,4434585.0,11.74,15.39,260.5400085449219
2023-06-20,3697250.0,660194.0,4357444.0,11.82,15.8,274.45001220703125
2023-06-21,3645184.0,640052.0,4285236.0,12.43,16.17,259.4599914550781
2023-06-22,3636166.0,640052.0,4276218.0,12.17,15.4,264.6099853515625
2023-06-23,3624142.0,640052.0,4264194.0,12.41,15.79,256.6000061035156
2023-06-26,3581337.0,640052.0,4221389.0,12.15,15.68,241.0500030517578
2023-06-27,3581337.0,634856.0,4216193.0,11.49,14.73,250.2100067138672
2023-06-28,3584331.0,634856.0,4219187.0,11.53,14.89,256.239990234375
2023-06-29,3614271.0,616889.0,4231160.0,11.59,14.59,257.5
2023-07-03,3523588.0,616889.0,4140477.0,11.63,14.63,279.82000732421875
2023-07-05,3506602.0,616889.0,4123491.0,12.1,15.46,282.4800109863281
2023-07-06,3522170.0,616889.0,4139059.0,12.23,15.62,276.5400085449219
2023-07-07,3496872.0,616889.0,4113761.0,12.43,15.67,274.42999267578125
2023-07-10,3492980.0,616889.0,4109869.0,12.21,15.49,269.6099853515625
2023-07-11,3492980.0,618482.0,4111462.0,11.57,15.0,269.7900085449219
2023-07-12,3570820.0,618482.0,4189302.0,11.18,14.92,271.989990234375
2023-07-13,3613632.0,599201.0,4212833.0,11.16,14.4,277.8999938964844
2023-07-14,3625308.0,600741.0,4226049.0,10.9,14.44,281.3800048828125
2023-07-17,3595145.0,600741.0,4195886.0,11.26,14.82,290.3800048828125
2023-07-18,3566546.0,603823.0,4170369.0,11.26,14.98,293.3399963378906
2023-07-19,3544283.0,603823.0,4148106.0,11.26,15.03,291.260009765625
2023-07-20,3544283.0,603823.0,4148106.0,10.99,14.99,262.8999938964844
2023-07-21,3514647.0,603823.0,4118470.0,10.52,13.93,260.0199890136719
2023-07-24,3501263.0,603823.0,4105086.0,10.37,13.86,269.05999755859375
2023-07-25,3507955.0,603823.0,4111778.0,10.85,14.22,265.2799987792969
2023-07-26,3509867.0,583123.0,4092990.0,10.73,13.55,264.3500061035156
2023-07-27,3524207.0,584611.0,4108818.0,10.47,13.56,255.7100067138672
2023-07-28,3515603.0,584611.0,4100214.0,10.43,13.37,266.44000244140625
2023-08-01,3526119.0,584611.0,4110730.0,10.14,13.35,261.07000732421875
2023-08-02,3478319.0,586097.0,4064416.0,10.09,13.17,254.11000061035156
2023-08-03,3420003.0,586097.0,4006100.0,10.4,13.17,259.32000732421875
2023-08-04,3424783.0,586097.0,4010880.0,10.74,13.47,253.86000061035156
2023-08-07,3405663.0,586097.0,3991760.0,10.69,13.22,251.4499969482422
2023-08-08,3412355.0,586097.0,3998452.0,10.63,13.11,249.6999969482422
2023-08-09,3461111.0,586097.0,4047208.0,10.64,13.07,242.19000244140625
2023-08-10,3468759.0,586097.0,4054856.0,10.7,12.93,245.33999633789062
2023-08-11,3399952.0,582303.0,3982255.0,10.67,12.98,242.64999389648438
2023-08-14,3354600.0,580407.0,3935007.0,10.53,12.99,239.75999450683594
2023-08-15,3334492.0,580304.0,3914796.0,10.35,12.76,232.9600067138672
2023-08-16,3313183.0,580304.0,3893487.0,10.21,12.64,225.60000610351562
2023-08-17,3305783.0,574472.0,3880255.0,10.11,12.45,219.22000122070312
2023-08-18,3296533.0,574472.0,3871005.0,10.07,12.28,215.49000549316406
2023-08-21,3305783.0,573014.0,3878797.0,9.87,12.1,231.27999877929688
2023-08-22,3340933.0,567182.0,3908115.0,10.42,12.71,233.19000244140625
2023-08-23,3354808.0,567182.0,3921990.0,10.51,12.81,236.86000061035156
2023-08-24,3370533.0,565724.0,3936257.0,10.43,12.79,230.0399932861328
2023-08-25,3340008.0,565724.0,3905732.0,10.51,12.81,238.58999633789062
2023-08-28,3342783.0,564266.0,3907049.0,10.76,13.22,238.82000732421875
2023-08-29,3342783.0,564266.0,3907049.0,10.75,13.01,257.17999267578125
2023-08-30,3383483.0,564266.0,3947749.0,10.98,13.63,256.8999938964844
2023-09-01,3350183.0,564266.0,3914449.0,10.9,13.55,245.00999450683594
2023-09-05,3322433.0,562808.0,3885241.0,10.38,12.95,256.489990234375
2023-09-06,3311333.0,562808.0,3874141.0,10.79,13.59,251.9199981689453
2023-09-07,3284508.0,562808.0,3847316.0,10.56,13.37,251.49000549316406
2023-09-08,3278033.0,562808.0,3840841.0,10.57,13.43,248.5
2023-09-11,3261383.0,562808.0,3824191.0,10.52,13.28,273.5799865722656
2023-09-12,3251208.0,562808.0,3814016.0,11.35,14.36,267.4800109863281
2023-09-13,3274333.0,562808.0,3837141.0,11.23,14.22,271.29998779296875
2023-09-14,3234278.0,562808.0,3797086.0,11.38,14.46,276.0400085449219
2023-09-15,3216584.0,562808.0,3779392.0,11.46,14.6,274.3900146484375
2023-09-18,3207534.0,562808.0,3770342.0,11.52,14.71,265.2799987792969
2023-09-19,3207534.0,562808.0,3770342.0,11.41,14.22,266.5
2023-09-20,3112264.0,562808.0,3675072.0,11.35,14.33,262.5899963378906
2023-09-21,3078418.0,561350.0,3639768.0,11.25,14.3,255.6999969482422
2023-09-22,2992107.0,559892.0,3551999.0,11.08,14.31,244.8800048828125
2023-09-25,2968083.0,559892.0,3527975.0,10.81,13.84,246.99000549316406
2023-09-26,2979237.0,559892.0,3539129.0,10.92,13.95,244.1199951171875
2023-09-27,2984385.0,559892.0,3544277.0,10.89,13.98,240.5
2023-09-28,3002403.0,558434.0,3560837.0,10.67,13.72,246.3800048828125
2023-09-29,2975805.0,558434.0,3534239.0,10.8,13.82,250.22000122070312
2023-10-02,2947491.0,558434.0,3505925.0,10.82,13.89,251.60000610351562
2023-10-03,2951781.0,555518.0,3507299.0,11.04,14.05,246.52999877929688
2023-10-04,2935479.0,554060.0,3489539.0,11.13,14.11,261.1600036621094
2023-10-05,2901002.0,552177.0,3453179.0,11.3,14.64,260.04998779296875
2023-10-06,2799900.0,545709.0,3345609.0,10.87,14.55,260.5299987792969
2023-10-09,2773882.0,544889.0,3318771.0,10.63,14.38,259.6700134277344
2023-10-10,2768289.0,544889.0,3313178.0,10.55,14.19,263.6199951171875
2023-10-11,2754449.0,544889.0,3299338.0,10.35,14.19,262.989990234375
2023-10-12,2721921.0,544889.0,3266810.0,10.28,14.24,258.8699951171875
2023-10-13,2718026.0,544889.0,3262915.0,10.46,14.34,251.1199951171875
2023-10-16,2694698.0,544889.0,3239587.0,10.3,14.1,253.9199981689453
2023-10-17,2686939.0,543451.0,3230390.0,10.2,14.02,254.85000610351562
2023-10-18,2639820.0,543451.0,3183271.0,9.97,13.96,242.67999267578125
2023-10-19,2618508.0,542013.0,3160521.0,9.84,13.6,220.11000061035156
2023-10-20,2615476.0,542013.0,3157489.0,9.11,12.66,211.99000549316406
2023-10-23,2593494.0,540575.0,3134069.0,8.92,12.4,212.0800018310547
2023-10-24,2598042.0,539137.0,3137179.0,8.91,12.48,216.52000427246094
2023-10-25,2604106.0,539137.0,3143243.0,8.84,12.66,212.4199981689453
2023-10-26,2590462.0,539137.0,3129599.0,9.14,12.76,205.75999450683594
2023-10-27,2591220.0,536261.0,3127481.0,8.97,12.51,207.3000030517578
2023-10-30,2582124.0,536261.0,3118385.0,9.21,12.78,197.36000061035156
2023-11-01,2610170.0,536261.0,3146431.0,8.68,12.29,205.66000366210938
2023-11-02,2618508.0,534823.0,3153331.0,8.84,12.61,218.50999450683594
2023-11-03,2666262.0,534823.0,3201085.0,8.68,12.85,219.9600067138672
2023-11-06,2695824.0,533385.0,3229209.0,8.25,12.7,219.27000427246094
2023-11-07,2673084.0,533385.0,3206469.0,8.37,12.79,222.17999267578125
2023-11-08,2675358.0,533385.0,3208743.0,8.24,12.86,222.11000061035156
2023-11-09,2623814.0,533385.0,3157199.0,8.34,12.91,209.97999572753906
2023-11-10,2616224.0,533385.0,3149609.0,8.14,12.4,214.64999389648438
2023-11-13,2613188.0,533385.0,3146573.0,8.19,12.52,223.7100067138672
2023-11-14,2627590.0,531947.0,3159537.0,8.53,12.92,237.41000366210938
2023-11-15,2679892.0,531947.0,3211839.0,8.59,13.11,242.83999633789062
2023-11-16,2754176.0,531947.0,3286123.0,8.54,13.23,233.58999633789062
2023-11-17,2732194.0,531947.0,3264141.0,8.39,12.99,234.3000030517578
2023-11-20,2704148.0,531947.0,3236095.0,8.13,12.9,235.60000610351562
2023-11-21,2710970.0,531947.0,3242917.0,7.96,12.87,241.1999969482422
2023-11-22,2678376.0,531947.0,3210323.0,8.34,13.34,234.2100067138672
2023-11-24,2674586.0,531947.0,3206533.0,8.01,12.93,235.4499969482422
2023-11-27,2674586.0,531947.0,3206533.0,7.95,12.89,236.0800018310547
2023-11-28,2668522.0,531947.0,3200469.0,7.88,12.96,246.72000122070312
2023-11-29,2684440.0,531947.0,3216387.0,8.02,13.44,244.13999938964844
2023-12-01,2629864.0,531947.0,3161811.0,7.89,13.07,238.8300018310547
2023-12-04,2620010.0,531947.0,3151957.0,7.48,12.46,235.5800018310547
2023-12-05,2618494.0,531947.0,3150441.0,7.35,12.27,238.72000122070312
2023-12-06,2595754.0,531947.0,3127701.0,7.51,12.58,239.3699951171875
2023-12-07,2610914.0,531947.0,3142861.0,7.54,12.75,242.63999938964844
2023-12-08,2591206.0,530509.0,3121715.0,7.6,12.8,243.83999633789062
2023-12-11,2604092.0,530509.0,3134601.0,7.53,12.69,239.74000549316406
2023-12-12,2626074.0,530509.0,3156583.0,7.5,12.53,237.00999450683594
2023-12-13,2640476.0,529071.0,3169547.0,7.42,12.39,239.2899932861328
2023-12-14,2646540.0,527633.0,3174173.0,7.26,12.26,251.0500030517578
2023-12-15,2698842.0,527633.0,3226475.0,7.34,12.56,253.5
2023-12-18,2723856.0,527633.0,3251489.0,7.5,12.75,252.0800018310547
2023-12-19,2717792.0,526195.0,3243987.0,7.47,12.7,257.2200012207031
2023-12-20,2739774.0,526195.0,3265969.0,7.33,12.75,247.13999938964844
2023-12-21,2826159.0,524757.0,3350916.0,7.59,12.64,254.5
2023-12-22,2784607.0,524757.0,3309364.0,7.63,12.74,252.5399932861328
2023-12-26,2771279.0,524757.0,3296036.0,7.48,12.55,256.6099853515625
2023-12-27,2797935.0,524757.0,3322692.0,7.48,12.6,261.44000244140625
2023-12-28,2805775.0,524757.0,3330532.0,7.56,12.81,253.17999267578125
2023-12-29,2796367.0,524757.0,3321124.0,7.34,12.45,248.47999572753906
2024-01-02,2777551.0,524757.0,3302308.0,7.43,12.38,248.4199981689453
2024-01-03,2757951.0,524757.0,3282708.0,7.7,12.65,238.4499969482422
2024-01-04,2813865.0,523319.0,3337184.0,7.96,12.58,237.92999267578125
2024-01-05,2800889.0,521881.0,3322770.0,7.89,12.52,237.49000549316406
2024-01-08,2812243.0,521881.0,3334124.0,7.89,12.53,240.4499969482422
2024-01-09,2825219.0,521881.0,3347100.0,7.76,12.42,234.9600067138672
2024-01-10,2826839.0,521881.0,3348720.0,7.69,12.32,233.94000244140625
2024-01-11,2803320.0,520443.0,3323763.0,7.68,12.25,227.22000122070312
2024-01-12,2868857.0,520443.0,3389300.0,7.9,11.98,218.88999938964844
2024-01-16,2950779.0,520443.0,3471222.0,7.99,11.59,219.91000366210938
2024-01-17,2943851.0,520443.0,3464294.0,8.15,11.75,215.5500030517578
2024-01-18,2948181.0,519005.0,3467186.0,8.14,11.67,211.8800048828125
2024-01-19,2931727.0,513253.0,3444980.0,8.03,11.39,212.19000244140625
2024-01-22,2924799.0,513253.0,3438052.0,7.94,11.29,208.8000030517578
2024-01-23,2941253.0,513253.0,3454506.0,7.64,10.96,209.13999938964844
2024-01-24,2917871.0,513253.0,3431124.0,7.64,10.96,207.8300018310547
2024-01-25,2910077.0,511815.0,3421892.0,7.77,11.06,182.6300048828125
2024-01-26,3053993.0,511815.0,3565808.0,7.24,9.82,183.25
2024-01-29,3211437.0,511815.0,3723252.0,7.62,9.94,190.92999267578125
2024-01-30,3219350.0,511815.0,3731165.0,7.62,10.11,191.58999633789062
2024-02-01,3203328.0,508939.0,3712267.0,7.98,10.26,188.86000061035156
2024-02-02,3254925.0,508939.0,3763864.0,8.0,10.28,187.91000366210938
2024-02-05,3321174.0,506063.0,3827237.0,8.09,10.21,181.05999755859375
2024-02-06,3359760.0,511480.0,3871240.0,8.17,10.09,185.10000610351562
2024-02-07,3385589.0,512963.0,3898552.0,8.09,10.18,187.5800018310547
2024-02-08,3397865.0,510049.0,3907914.0,8.15,10.28,189.55999755859375
2024-02-09,3416279.0,508592.0,3924871.0,8.02,10.27,193.57000732421875
2024-02-12,3433670.0,508592.0,3942262.0,7.99,10.28,188.1300048828125
2024-02-13,3396842.0,508592.0,3905434.0,7.59,9.88,184.02000427246094
2024-02-14,3320117.0,508592.0,3828709.0,7.83,9.98,188.7100067138672
2024-02-15,3439316.0,517453.0,3956769.0,7.91,10.01,200.4499969482422
2024-02-16,3442490.0,513004.0,3955494.0,8.21,10.62,199.9499969482422
2024-02-20,3419236.0,508555.0,3927791.0,8.39,10.67,193.75999450683594
2024-02-21,3418178.0,508555.0,3926733.0,8.42,10.55,194.77000427246094
2024-02-22,3406540.0,508555.0,3915095.0,8.71,10.69,197.41000366210938
2024-02-23,3406540.0,508555.0,3915095.0,8.61,10.8,191.97000122070312
2024-02-26,3402308.0,498174.0,3900482.0,8.38,10.59,199.39999389648438
2024-02-27,3409714.0,498174.0,3907888.0,8.43,10.85,199.72999572753906
2024-02-28,3399134.0,498174.0,3897308.0,8.21,10.86,202.0399932861328
2024-03-01,3374800.0,496691.0,3871491.0,8.34,11.0,202.63999938964844
2024-03-04,3362104.0,496691.0,3858795.0,8.39,10.96,188.13999938964844
2024-03-05,3362104.0,495208.0,3857312.0,7.86,10.26,180.74000549316406
2024-03-06,3409423.0,500892.0,3910315.0,7.95,10.06,176.5399932861328
2024-03-07,3449976.0,502068.0,3952044.0,7.76,9.74,178.64999389648438
2024-03-08,3434674.0,499044.0,3933718.0,7.78,9.71,175.33999633789062
2024-03-11,3455441.0,497532.0,3952973.0,7.56,9.61,177.77000427246094
2024-03-12,3436860.0,497532.0,3934392.0,7.66,9.77,177.5399932861328
2024-03-13,3405163.0,497532.0,3902695.0,7.71,9.74,169.47999572753906
2024-03-14,3392047.0,497532.0,3889579.0,7.36,9.42,162.5
2024-03-15,3503725.0,516075.0,4019800.0,7.62,9.61,163.57000732421875
2024-03-18,3476221.0,519213.0,3995434.0,7.68,9.69,173.8000030517578
2024-03-19,3575923.0,512937.0,4088860.0,8.17,10.26,171.32000732421875
2024-03-20,3571339.0,512937.0,4084276.0,8.11,10.1,175.66000366210938
2024-03-21,3578215.0,509799.0,4088014.0,8.03,10.15,172.82000732421875
2024-03-22,3586237.0,509799.0,4096036.0,7.84,9.89,170.8300018310547
2024-03-25,3680590.0,513307.0,4193897.0,8.12,9.98,172.6300048828125
2024-03-26,3800999.0,513307.0,4314306.0,8.38,10.11,177.6699981689453
2024-03-27,3799781.0,513307.0,4313088.0,8.64,10.39,179.8300018310547
2024-03-28,3777857.0,511723.0,4289580.0,8.7,10.42,175.7899932861328
2024-04-01,3833627.0,511723.0,4345350.0,8.68,10.2,175.22000122070312
2024-04-02,3865991.0,511723.0,4377714.0,8.93,10.17,166.6300048828125
2024-04-03,4000201.0,521925.0,4522126.0,9.18,10.07,168.3800048828125
2024-04-04,4010753.0,521925.0,4532678.0,9.28,10.15,171.11000061035156
2024-04-05,4012072.0,521925.0,4533997.0,9.56,10.46,164.89999389648438
2024-04-08,4110726.0,520309.0,4631035.0,9.48,10.04,172.97999572753906
2024-04-09,4129696.0,520309.0,4650005.0,9.75,10.38,176.8800048828125
2024-04-10,4110726.0,520309.0,4631035.0,9.85,10.53,171.75999450683594
2024-04-11,4049751.0,520309.0,4570060.0,9.79,10.43,174.60000610351562
2024-04-12,4052461.0,520309.0,4572770.0,9.84,10.48,171.0500030517578
2024-04-15,4091756.0,520309.0,4612065.0,9.96,10.52,161.47999572753906
2024-04-16,4028071.0,515461.0,4543532.0,9.83,10.17,157.11000061035156
2024-04-17,4087887.0,517309.0,4605196.0,9.8,10.01,155.4499969482422
2024-04-18,4147068.0,521684.0,4668752.0,9.94,10.11,149.92999267578125
2024-04-19,4194975.0,529698.0,4724673.0,9.75,9.93,147.0500030517578
2024-04-22,4203363.0,528032.0,4731395.0,9.77,9.81,142.0500030517578
2024-04-23,4247649.0,539233.0,4786882.0,9.51,9.63,144.67999267578125
2024-04-24,4293132.0,541869.0,4835001.0,9.45,9.68,162.1300048828125
2024-04-25,4285957.0,541869.0,4827826.0,10.59,10.71,170.17999267578125
2024-04-26,4248647.0,541869.0,4790516.0,11.2,11.21,168.2899932861328
2024-04-29,4248647.0,540160.0,4788807.0,10.95,10.83,194.0500030517578
2024-05-01,4209929.0,540160.0,4750089.0,12.09,11.67,179.99000549316406
2024-05-02,4228571.0,540160.0,4768731.0,11.78,11.55,180.00999450683594
2024-05-03,4245779.0,535033.0,4780812.0,11.5,11.42,181.19000244140625
2024-05-06,4235741.0,535033.0,4770774.0,11.43,11.43,184.75999450683594
2024-05-07,4231439.0,535033.0,4766472.0,11.38,11.46,177.80999755859375
2024-05-08,4212797.0,533324.0,4746121.0,11.19,11.13,174.72000122070312
2024-05-09,4211363.0,531615.0,4742978.0,11.28,10.97,171.97000122070312
2024-05-10,4202759.0,531615.0,4734374.0,11.2,10.77,168.47000122070312
2024-05-13,4169777.0,531615.0,4701392.0,11.27,10.63,171.88999938964844
2024-05-14,4273097.0,531615.0,4804712.0,11.15,10.77,177.5500030517578
2024-05-15,4379213.0,529906.0,4909119.0,11.29,10.88,173.99000549316406
2024-05-16,4324721.0,529906.0,4854627.0,10.92,10.58,174.83999633789062
2024-05-17,4278801.0,529906.0,4808707.0,11.15,10.72,177.4600067138672
2024-05-20,4284537.0,529906.0,4814443.0,11.19,10.8,174.9499969482422
2024-05-21,4198497.0,526488.0,4724985.0,11.0,10.55,186.60000610351562
2024-05-22,4172667.0,526488.0,4699155.0,11.83,11.23,180.11000061035156
2024-05-23,4154012.0,524779.0,4678791.0,11.48,10.94,173.74000549316406
2024-05-24,4063607.0,523070.0,4586677.0,11.42,10.73,179.24000549316406
2024-05-28,4032037.0,521360.0,4553397.0,11.57,10.91,176.75
2024-05-29,4090872.0,521360.0,4612232.0,11.51,10.78,176.19000244140625
2024-05-30,4119552.0,521360.0,4640912.0,11.65,10.88,178.7899932861328
2024-06-03,4118118.0,517940.0,4636058.0,12.03,11.16,176.2899932861328
2024-06-04,4125293.0,517940.0,4643233.0,11.75,11.11,174.77000427246094
2024-06-05,4131029.0,517940.0,4648969.0,11.61,11.07,175.0
2024-06-06,4135331.0,517940.0,4653271.0,11.38,10.89,177.94000244140625
2024-06-07,4116689.0,511104.0,4627793.0,11.41,11.11,177.47999572753906
2024-06-10,4106651.0,509394.0,4616045.0,11.62,11.2,173.7899932861328
2024-06-11,4116689.0,509394.0,4626083.0,11.3,10.94,170.66000366210938
2024-06-12,4070801.0,509394.0,4580195.0,11.09,10.76,177.2899932861328
2024-06-13,4099481.0,509394.0,4608875.0,11.29,11.01,182.47000122070312
2024-06-14,4082273.0,509394.0,4591667.0,11.8,11.4,178.00999450683594
2024-06-17,4070801.0,507684.0,4578485.0,11.64,11.25,187.44000244140625
2024-06-18,4059329.0,507684.0,4567013.0,12.19,11.74,184.86000061035156
2024-06-20,4066499.0,505975.0,4572474.0,12.15,11.45,181.57000732421875
2024-06-21,4043555.0,502557.0,4546112.0,12.02,11.4,183.00999450683594
2024-06-24,3957515.0,502557.0,4460072.0,12.11,11.43,182.5800018310547
2024-06-25,3948911.0,502557.0,4451468.0,12.13,11.49,187.35000610351562
2024-06-26,3953213.0,502557.0,4455770.0,12.39,11.81,196.3699951171875
2024-06-27,3953213.0,499137.0,4452350.0,12.95,12.29,197.4199981689453
2024-06-28,3944609.0,495719.0,4440328.0,12.87,12.28,197.8800048828125
2024-07-01,3936005.0,495719.0,4431724.0,12.91,12.27,209.86000061035156
2024-07-02,3941741.0,495719.0,4437460.0,13.53,12.97,231.25999450683594
2024-07-03,3856636.0,494010.0,4350646.0,14.6,14.04,246.38999938964844
2024-07-05,3853321.0,492300.0,4345621.0,15.23,14.65,251.52000427246094
2024-07-08,3805415.0,490590.0,4296005.0,15.42,14.81,252.94000244140625
2024-07-09,3777235.0,490590.0,4267825.0,15.53,14.8,262.3299865722656
2024-07-10,3777235.0,487172.0,4264407.0,16.05,15.43,263.260009765625
2024-07-11,3777235.0,487172.0,4264407.0,16.13,15.22,241.02999877929688
2024-07-12,3789916.0,485463.0,4275379.0,14.87,14.1,248.22999572753906
2024-07-15,3827959.0,485463.0,4313422.0,14.97,14.28,252.63999938964844
2024-07-16,3899818.0,485463.0,4385281.0,14.91,14.42,256.55999755859375
2024-07-17,3895591.0,482043.0,4377634.0,14.64,14.43,248.5
2024-07-18,3895591.0,482043.0,4377634.0,14.46,14.37,249.22999572753906
2024-07-19,3875865.0,482043.0,4357908.0,15.06,14.61,239.1999969482422
2024-07-22,3830777.0,480333.0,4311110.0,14.46,14.31,251.50999450683594
2024-07-23,3832186.0,480333.0,4312519.0,14.88,14.64,246.3800048828125
2024-07-24,3792734.0,480333.0,4273067.0,14.53,14.27,215.99000549316406
2024-07-25,3744828.0,480333.0,4225161.0,13.58,13.16,220.25
2024-07-26,3716648.0,480333.0,4196981.0,13.74,13.54,219.8000030517578
2024-07-29,3720875.0,480333.0,4201208.0,13.52,13.3,232.10000610351562
2024-07-30,3720875.0,480333.0,4201208.0,14.23,14.04,222.6199951171875
2024-08-01,3694104.0,478624.0,4172728.0,14.34,14.03,216.86000061035156
2024-08-02,3640562.0,475206.0,4115768.0,14.11,13.67,207.6699981689453
2024-08-05,3657470.0,475206.0,4132676.0,14.18,13.59,198.8800048828125
2024-08-06,3667333.0,475206.0,4142539.0,14.14,13.38,200.63999938964844
2024-08-07,3672969.0,471788.0,4144757.0,14.06,13.37,191.75999450683594
2024-08-08,3633517.0,468370.0,4101887.0,13.68,13.0,198.83999633789062
2024-08-09,3610973.0,466661.0,4077634.0,13.57,13.0,200.0
2024-08-12,3589838.0,466661.0,4056499.0,13.59,13.09,197.49000549316406
2024-08-13,3568703.0,464952.0,4033655.0,13.6,13.0,207.8300018310547
2024-08-14,3630699.0,458112.0,4088811.0,13.77,13.3,201.3800048828125
2024-08-15,3633517.0,456403.0,4089920.0,13.53,13.01,214.13999938964844
2024-08-16,3641971.0,456403.0,4098374.0,13.76,13.34,216.1199951171875
2024-08-19,3618018.0,456403.0,4074421.0,13.82,13.27,222.72000122070312
2024-08-20,3626472.0,454694.0,4081166.0,13.92,13.46,221.10000610351562
2024-08-21,3626472.0,454694.0,4081166.0,13.96,13.57,223.27000427246094
2024-08-22,3626472.0,454694.0,4081166.0,13.81,13.53,210.66000366210938
2024-08-23,3616609.0,451276.0,4067885.0,13.41,13.03,220.32000732421875
2024-08-26,3615200.0,451276.0,4066476.0,13.44,13.26,213.2100067138672
2024-08-27,3620836.0,451276.0,4072112.0,13.13,13.02,209.2100067138672
2024-08-28,3598292.0,449567.0,4047859.0,12.97,12.86,205.75
2024-08-29,3581384.0,449567.0,4030951.0,13.08,12.78,206.27999877929688
2024-08-30,3561658.0,449567.0,4011225.0,12.99,12.69,214.11000061035156
2024-09-03,3533478.0,447857.0,3981335.0,13.46,13.01,210.60000610351562
2024-09-04,3505298.0,447857.0,3953155.0,13.78,13.3,219.41000366210938
2024-09-05,3470073.0,447857.0,3917930.0,14.42,13.7,230.1699981689453
2024-09-06,3539114.0,447857.0,3986971.0,14.88,14.36,210.72999572753906
2024-09-09,3509525.0,447857.0,3957382.0,14.27,13.67,216.27000427246094
2024-09-10,3501071.0,447857.0,3948928.0,14.3,13.76,226.1699981689453
2024-09-11,3471482.0,446148.0,3917630.0,14.74,14.22,228.1300048828125
2024-09-12,3478527.0,446148.0,3924675.0,14.54,14.03,229.80999755859375
2024-09-13,3489799.0,446148.0,3935947.0,14.4,14.09,230.2899932861328
2024-09-16,3517979.0,442730.0,3960709.0,14.19,13.86,226.77999877929688
2024-09-17,3508116.0,442730.0,3950846.0,13.99,13.79,227.8699951171875
2024-09-18,3517979.0,442730.0,3960709.0,13.94,13.8,227.1999969482422
2024-09-19,3510934.0,442730.0,3953664.0,13.86,13.81,243.9199981689453
2024-09-20,3519388.0,442730.0,3962118.0,14.5,14.41,238.25
2024-09-23,3475709.0,442730.0,3918439.0,14.32,14.09,250.0
2024-09-24,3439075.0,441021.0,3880096.0,15.0,14.54,254.27000427246094
2024-09-25,3439075.0,441021.0,3880096.0,15.09,14.65,257.0199890136719
2024-09-26,3447529.0,437603.0,3885132.0,15.45,14.73,254.22000122070312
2024-09-27,3424985.0,437603.0,3862588.0,15.15,14.39,260.4599914550781
2024-10-01,3424985.0,437603.0,3862588.0,15.5,14.67,258.0199890136719
2024-10-02,3396805.0,437603.0,3834408.0,15.74,14.5,249.02000427246094
2024-10-03,3402441.0,437603.0,3840044.0,15.28,13.84,240.66000366210938
2024-10-04,3372852.0,435894.0,3808746.0,14.93,13.57,250.0800018310547
2024-10-07,3372852.0,435894.0,3808746.0,15.14,13.86,240.8300018310547
2024-10-08,3374261.0,435894.0,3810155.0,14.78,13.46,244.5
2024-10-09,3374261.0,435894.0,3810155.0,14.8,13.65,241.0500030517578
2024-10-10,3341854.0,435894.0,3777748.0,14.55,13.43,238.77000427246094
2024-10-11,3358762.0,434185.0,3792947.0,14.55,13.38,217.8000030517578
2024-10-14,3343263.0,434185.0,3777448.0,13.18,12.17,219.16000366210938
2024-10-15,3347490.0,432476.0,3779966.0,13.07,12.17,219.57000732421875
2024-10-16,3347490.0,432476.0,3779966.0,13.08,12.32,221.3300018310547
2024-10-17,3344672.0,430767.0,3775439.0,13.08,12.17,220.88999938964844
2024-10-18,3341854.0,430767.0,3772621.0,13.22,12.12,220.6999969482422
2024-10-21,3341854.0,430767.0,3772621.0,12.94,12.05,218.85000610351562
2024-10-22,3315083.0,430767.0,3745850.0,13.01,11.95,217.97000122070312
2024-10-23,3315083.0,430767.0,3745850.0,13.03,12.01,213.64999389648438
2024-10-24,3315083.0,430767.0,3745850.0,13.15,11.91,260.4800109863281
2024-10-25,3269977.0,422824.0,3692801.0,15.13,14.02,269.19000244140625
2024-10-28,3286489.0,422824.0,3709313.0,15.53,14.35,262.510009765625
2024-10-29,3223583.0,421146.0,3644729.0,14.61,13.84,259.5199890136719
2024-10-30,3207255.0,421146.0,3628401.0,14.37,13.63,257.54998779296875
2024-11-01,3115373.0,419468.0,3534841.0,14.24,13.75,248.97999572753906
2024-11-04,3073203.0,419468.0,3492671.0,13.9,13.54,242.83999633789062
2024-11-05,3059723.0,419468.0,3479191.0,13.48,13.29,251.44000244140625
2024-11-06,3052271.0,419468.0,3471739.0,13.52,13.5,288.5299987792969
2024-11-07,3107956.0,419468.0,3527424.0,14.33,14.68,296.9100036621094
2024-11-08,3035887.0,417790.0,3453677.0,14.21,14.87,321.2200012207031
2024-11-11,2950207.0,416112.0,3366319.0,14.94,15.76,350.0
2024-11-12,3015727.0,414434.0,3430161.0,15.24,16.59,328.489990234375
2024-11-13,3016987.0,414434.0,3431421.0,14.56,15.91,330.239990234375
2024-11-14,3004387.0,414434.0,3418821.0,14.91,15.82,311.17999267578125
2024-11-15,2977927.0,414434.0,3392361.0,14.57,15.27,320.7200012207031
2024-11-18,2951467.0,414434.0,3365901.0,15.12,15.94,338.739990234375
2024-11-19,2842408.0,414434.0,3256842.0,15.33,16.57,346.0
2024-11-20,2854003.0,414434.0,3268437.0,15.22,16.62,342.0299987792969
2024-11-21,2862599.0,414434.0,3277033.0,15.18,16.45,339.6400146484375
2024-11-22,2851547.0,414434.0,3265981.0,15.21,15.91,352.55999755859375
2024-11-25,2880866.0,414434.0,3295300.0,15.35,16.16,338.5899963378906
2024-11-26,2876291.0,407018.0,3283309.0,14.45,15.02,338.2300109863281
2024-11-27,2790123.0,387544.0,3177667.0,14.48,14.33,332.8900146484375
2024-11-29,2769672.0,387544.0,3157216.0,13.97,14.02,345.1600036621094
2024-12-02,2804559.0,387544.0,3192103.0,14.34,14.11,357.0899963378906
2024-12-03,2803356.0,387544.0,3190900.0,14.44,14.83,351.4200134277344
2024-12-04,2797341.0,387544.0,3184885.0,14.32,14.76,357.92999267578125
2024-12-05,2797341.0,387544.0,3184885.0,14.15,14.74,369.489990234375
2024-12-06,2787717.0,387544.0,3175261.0,14.71,15.22,389.2200012207031
2024-12-09,2779296.0,387544.0,3166840.0,14.89,15.58,389.7900085449219
2024-12-10,2729973.0,387544.0,3117517.0,15.28,15.81,400.989990234375
2024-12-11,2716740.0,387544.0,3104284.0,15.92,16.4,424.7699890136719
2024-12-12,2695480.0,387544.0,3083024.0,16.25,17.14,418.1000061035156
2024-12-13,2641777.0,385767.0,3027544.0,15.98,16.95,436.2300109863281
2024-12-16,2585334.0,384174.0,2969508.0,16.12,17.29,463.0199890136719
2024-12-17,2600050.0,384174.0,2984224.0,16.65,17.75,479.8599853515625
2024-12-18,2571750.0,384174.0,2955924.0,17.21,18.41,440.1300048828125
2024-12-19,2525132.0,384174.0,2909306.0,16.86,17.78,436.1700134277344
2024-12-20,2447105.0,384174.0,2831279.0,16.72,17.65,421.05999755859375
2024-12-23,2504433.0,384174.0,2888607.0,15.82,16.79,430.6000061035156
2024-12-24,2530383.0,384174.0,2914557.0,16.13,16.99,462.2799987792969
2024-12-26,2520400.0,384174.0,2904574.0,16.67,17.66,454.1300048828125
2024-12-27,2505000.0,384174.0,2889174.0,16.38,17.18,431.6600036621094
2024-12-30,2472000.0,384174.0,2856174.0,16.0,16.7,417.4100036621094
2025-01-02,2291132.0,357348.0,2648480.0,14.82,15.09,379.2799987792969
2025-01-03,2264014.0,357348.0,2621362.0,13.89,14.34,410.44000244140625
2025-01-06,2277573.0,357348.0,2634921.0,14.32,14.59,411.04998779296875
2025-01-07,2285917.0,357348.0,2643265.0,13.99,14.36,394.3599853515625
2025-01-08,2246283.0,357348.0,2603631.0,13.94,14.04,394.94000244140625
2025-01-09,2265057.0,357348.0,2622405.0,13.97,14.27,
2025-01-10,2265057.0,357348.0,2622405.0,13.97,14.27,394.739990234375
2025-01-13,2243154.0,357348.0,2600502.0,14.31,14.65,403.30999755859375
2025-01-14,2257756.0,357348.0,2615104.0,14.84,15.18,396.3599853515625
2025-01-15,2266100.0,357348.0,2623448.0,14.66,14.8,428.2200012207031
2025-01-16,2248369.0,357348.0,2605717.0,15.23,15.44,413.82000732421875
2025-01-17,2248369.0,357348.0,2605717.0,14.69,14.92,426.5
2025-01-21,2213950.0,357348.0,2571298.0,14.93,15.22,424.07000732421875
2025-01-22,2257756.0,357348.0,2615104.0,14.39,14.54,415.1099853515625
2025-01-23,2244197.0,357348.0,2601545.0,13.94,14.24,412.3800048828125
2025-01-24,2230638.0,357348.0,2587986.0,13.72,14.05,406.5799865722656
2025-01-27,2253584.0,357348.0,2610932.0,13.6,13.87,397.1499938964844
2025-01-28,2236896.0,357348.0,2594244.0,13.64,14.18,398.0899963378906
2025-01-29,2246283.0,355901.0,2602184.0,13.4,14.06,389.1000061035156
2025-01-30,2253584.0,357348.0,2610932.0,13.11,13.91,400.2799987792969
2025-02-03,2249412.0,357348.0,2606760.0,13.41,14.27,383.67999267578125
2025-02-04,2249412.0,358795.0,2608207.0,12.95,13.82,392.2099914550781
2025-02-05,2246283.0,358795.0,2605078.0,12.96,13.7,378.1700134277344
2025-02-06,2253584.0,358795.0,2612379.0,12.36,13.26,374.32000732421875
2025-02-07,2245240.0,363136.0,2608376.0,12.44,13.24,361.6199951171875
2025-02-10,2234810.0,363136.0,2597946.0,11.99,12.89,350.7300109863281
2025-02-11,2226466.0,363136.0,2589602.0,11.67,12.26,328.5
2025-02-12,2199348.0,363136.0,2562484.0,11.17,11.85,336.510009765625
2025-02-13,2218122.0,363136.0,2581258.0,11.23,12.17,355.94000244140625
2025-02-14,2232724.0,363136.0,2595860.0,11.46,12.63,355.8399963378906
2025-02-18,2230638.0,363136.0,2593774.0,11.08,12.58,354.1099853515625
2025-02-19,2248369.0,363136.0,2611505.0,11.11,12.44,360.55999755859375
2025-02-20,2260885.0,363136.0,2624021.0,11.44,12.84,354.3999938964844
2025-02-21,2226466.0,366030.0,2592496.0,11.55,12.8,337.79998779296875
2025-02-24,2170144.0,366030.0,2536174.0,11.69,12.71,330.5299987792969
2025-02-25,2186832.0,366030.0,2552862.0,11.66,12.81,302.79998779296875
2025-02-26,2270272.0,363136.0,2633408.0,11.29,12.03,290.79998779296875
2025-02-27,2283831.0,363136.0,2646967.0,10.74,11.43,281.95001220703125
2025-03-03,2236896.0,363136.0,2600032.0,10.96,11.61,284.6499938964844
2025-03-04,2251498.0,360242.0,2611740.0,11.18,11.74,272.0400085449219
2025-03-05,2292175.0,360242.0,2652417.0,10.67,11.25,279.1000061035156
2025-03-06,2267143.0,360242.0,2627385.0,10.64,11.23,263.45001220703125
2025-03-07,2235853.0,360242.0,2596095.0,10.52,11.0,262.6700134277344
2025-03-10,2201434.0,360242.0,2561676.0,10.45,10.85,222.14999389648438
2025-03-11,2390586.0,371396.0,2761982.0,10.0,9.95,230.5800018310547
2025-03-12,2405622.0,369904.0,2775526.0,10.28,10.45,248.08999633789062
2025-03-13,2373432.0,369904.0,2743336.0,10.74,11.01,240.67999267578125
2025-03-14,2355174.0,369904.0,2725078.0,10.91,10.91,249.97999572753906
2025-03-17,2355174.0,368412.0,2723586.0,10.93,10.89,238.00999450683594
2025-03-18,2340152.0,368412.0,2708564.0,10.23,10.26,225.30999755859375
2025-03-19,2284356.0,368412.0,2652768.0,10.0,9.9,235.86000061035156
2025-03-20,2329422.0,368412.0,2697834.0,10.15,10.13,236.25999450683594
2025-03-21,2316240.0,368412.0,2684652.0,10.16,10.21,248.7100067138672
2025-03-24,2322708.0,368412.0,2691120.0,10.42,10.67,278.3900146484375
2025-03-25,2339956.0,368412.0,2708368.0,11.07,11.43,288.1400146484375
2025-03-26,2344268.0,368412.0,2712680.0,11.47,11.77,272.05999755859375
2025-03-27,2275276.0,368412.0,2643688.0,11.35,11.49,273.1300048828125
2025-03-28,2270964.0,368412.0,2639376.0,11.59,11.7,263.54998779296875
2025-04-01,2278510.0,368412.0,2646922.0,11.76,11.67,268.4599914550781
2025-04-02,2267730.0,368412.0,2636142.0,12.1,12.01,282.760009765625
2025-04-03,2264496.0,368412.0,2632908.0,12.41,12.33,267.2799987792969
2025-04-04,2242936.0,368412.0,2611348.0,12.75,12.4,239.42999267578125
2025-04-07,2232156.0,368412.0,2600568.0,12.31,12.0,233.2899932861328
2025-04-08,2296836.0,368412.0,2665248.0,11.94,11.58,221.86000061035156
2025-04-09,2337800.0,368412.0,2706212.0,11.77,11.24,272.20001220703125
2025-04-10,2386310.0,366920.0,2753230.0,12.44,12.1,252.39999389648438
2025-04-11,2341034.0,366920.0,2707954.0,12.2,11.71,252.30999755859375
2025-04-14,2347502.0,366920.0,2714422.0,11.84,11.47,252.35000610351562
2025-04-15,2366906.0,366920.0,2733826.0,11.78,11.41,254.11000061035156
2025-04-16,2360438.0,366920.0,2727358.0,11.77,11.44,241.5500030517578
2025-04-17,2329176.0,365428.0,2694604.0,11.55,11.15,241.3699951171875
2025-04-21,2308694.0,365428.0,2674122.0,11.53,11.13,227.5
2025-04-22,2230000.0,363936.0,2593936.0,11.05,10.84,237.97000122070312
2025-04-23,2245092.0,363936.0,2609028.0,11.13,11.12,250.74000549316406
2025-04-24,2258028.0,363936.0,2621964.0,11.27,11.31,259.510009765625
2025-04-25,2239702.0,363936.0,2603638.0,11.19,11.27,284.95001220703125
2025-04-28,2208440.0,363936.0,2572376.0,12.04,12.14,285.8800048828125
2025-04-29,2208440.0,363936.0,2572376.0,12.03,12.12,292.0299987792969
2025-05-01,2154540.0,363936.0,2518476.0,11.94,12.03,280.5199890136719
2025-05-02,2182568.0,363936.0,2546504.0,11.9,11.86,287.2099914550781
2025-05-05,2191192.0,363936.0,2555128.0,11.94,11.7,280.260009765625
2025-05-06,2199816.0,363936.0,2563752.0,11.91,11.56,275.3500061035156
2025-05-07,2167476.0,363936.0,2531412.0,12.18,11.53,276.2200012207031
2025-05-08,2180412.0,363936.0,2544348.0,12.01,11.5,284.82000732421875
2025-05-09,2203050.0,363936.0,2566986.0,11.94,11.66,298.260009765625
2025-05-12,2195504.0,363936.0,2559440.0,12.46,12.19,318.3800048828125
2025-05-13,2223532.0,365428.0,2588960.0,12.63,12.53,334.07000732421875
2025-05-14,2236468.0,365428.0,2601896.0,12.56,12.78,347.67999267578125
2025-05-15,2158852.0,365428.0,2524280.0,13.01,13.1,342.82000732421875
2025-05-16,2171788.0,366920.0,2538708.0,13.03,12.91,349.9800109863281
2025-05-19,2176100.0,366920.0,2543020.0,12.95,12.94,342.0899963378906
2025-05-20,2184724.0,366920.0,2551644.0,12.82,12.91,343.82000732421875
2025-05-21,2138370.0,366920.0,2505290.0,12.88,12.93,334.6199951171875
2025-05-22,2127590.0,366920.0,2494510.0,12.95,12.9,341.0400085449219
2025-05-23,2162086.0,366920.0,2529006.0,13.05,13.04,339.3399963378906
2025-05-27,2159930.0,366920.0,2526850.0,13.06,12.98,362.8900146484375
2025-05-28,2129319.0,365429.0,2494748.0,13.31,13.3,356.8999938964844
2025-05-29,2111374.0,363938.0,2475312.0,13.23,13.12,358.42999267578125
2025-05-30,2081806.0,363938.0,2445744.0,13.35,13.31,346.4599914550781
2025-06-02,2064735.0,363938.0,2428673.0,12.95,12.99,342.69000244140625
2025-06-03,2067353.0,363938.0,2431291.0,12.6,12.83,344.2699890136719
2025-06-04,2061041.0,363938.0,2424979.0,12.51,12.74,332.04998779296875
2025-06-05,2075769.0,363938.0,2439707.0,12.07,12.31,284.70001220703125
2025-06-06,2086289.0,363938.0,2450227.0,10.31,10.85,295.1400146484375
2025-06-09,2051507.0,363938.0,2415445.0,10.17,10.89,308.5799865722656
2025-06-10,2095691.0,363938.0,2459629.0,10.44,11.06,326.0899963378906
2025-06-11,2083067.0,365430.0,2448497.0,10.91,11.66,326.42999267578125
2025-06-12,2159863.0,365430.0,2525293.0,10.85,11.58,319.1099853515625
2025-06-13,2046247.0,365430.0,2411677.0,10.82,11.4,325.30999755859375
2025-06-16,2002063.0,363938.0,2366001.0,11.01,11.81,329.1300048828125
2025-06-17,2001011.0,363938.0,2364949.0,10.67,11.69,316.3500061035156
2025-06-18,1994693.0,363938.0,2358631.0,10.43,11.38,322.04998779296875
2025-06-20,2026283.0,365430.0,2391713.0,10.15,11.52,322.1600036621094
2025-06-23,1992587.0,365430.0,2358017.0,10.03,11.56,348.67999267578125
2025-06-24,1958891.0,365430.0,2324321.0,10.69,12.28,340.4700012207031
2025-06-25,2041999.0,365430.0,2407429.0,10.18,11.87,327.54998779296875
2025-06-26,2024098.0,365430.0,2389528.0,9.92,11.42,325.7799987792969
2025-06-27,2044105.0,368414.0,2412519.0,9.66,11.06,323.6300048828125
2025-07-01,2092497.0,368414.0,2460911.0,9.7,10.63,300.7099914550781
2025-07-02,2102329.0,368414.0,2470743.0,9.56,10.4,315.6499938964844
2025-07-03,2094650.0,368414.0,2463064.0,9.83,10.73,315.3500061035156
2025-07-07,2107814.0,368414.0,2476228.0,9.72,10.59,293.94000244140625
2025-07-08,2111105.0,368414.0,2479519.0,9.14,9.94,297.80999755859375
2025-07-09,2106717.0,368414.0,2475131.0,9.2,10.05,295.8800048828125
2025-07-10,2104523.0,368414.0,2472937.0,8.98,9.9,309.8699951171875
2025-07-11,2141821.0,369906.0,2511727.0,9.26,10.19,313.510009765625
2025-07-14,2151381.0,369906.0,2521287.0,9.7,10.18,316.8999938964844
2025-07-15,2162581.0,369906.0,2532487.0,9.65,10.13,310.7799987792969
2025-07-16,2202126.0,371398.0,2573524.0,9.78,9.89,321.6700134277344
2025-07-17,2243310.0,372890.0,2616200.0,9.8,9.94,319.4100036621094
2025-07-18,2213566.0,375874.0,2589440.0,9.57,9.55,329.6499938964844
2025-07-21,2192974.0,377366.0,2570340.0,9.71,9.84,328.489990234375
2025-07-22,2202126.0,377366.0,2579492.0,9.78,9.98,332.1099853515625
2025-07-23,2204412.0,377366.0,2581778.0,9.94,10.24,332.55999755859375
2025-07-24,2229580.0,377366.0,2606946.0,9.85,9.97,305.29998779296875
2025-07-25,2270346.0,404695.0,2675041.0,9.63,9.94,316.05999755859375
2025-07-28,2264361.0,404695.0,2669056.0,9.87,10.21,325.5899963378906
2025-07-29,2318226.0,406282.0,2724508.0,10.15,10.53,321.20001220703125
2025-07-30,2315832.0,406282.0,2722114.0,10.28,10.6,319.0400085449219
2025-08-01,2558823.0,409456.0,2968279.0,9.86,10.08,302.6300048828125
2025-08-04,2361318.0,409456.0,2770774.0,10.12,10.15,309.260009765625
2025-08-05,2235528.0,409456.0,2644984.0,10.07,10.01,308.7200012207031
2025-08-06,2240316.0,409456.0,2649772.0,10.16,9.9,319.9100036621094
2025-08-07,2264276.0,409456.0,2673732.0,10.33,10.33,322.2699890136719
2025-08-08,2287038.0,412630.0,2699668.0,10.37,10.42,329.6499938964844
2025-08-11,2339706.0,409456.0,2749162.0,10.56,10.55,339.0299987792969
2025-08-12,2687126.0,411043.0,3098169.0,10.86,10.86,340.8399963378906
2025-08-13,3110864.0,414217.0,3525081.0,10.72,10.65,339.3800048828125
2025-08-15,3146708.0,422152.0,3568860.0,10.28,10.57,330.55999755859375
2025-08-18,2741446.0,422152.0,3163598.0,10.2,10.5,335.1600036621094
2025-08-19,2710272.0,423739.0,3134011.0,10.33,10.64,329.30999755859375
2025-08-20,2338582.0,423739.0,2762321.0,10.5,10.85,323.8999938964844
2025-08-21,2320597.0,423739.0,2744336.0,10.53,10.78,320.1099853515625
2025-08-22,2307408.0,423739.0,2731147.0,10.43,10.65,340.010009765625
2025-08-25,2361363.0,423739.0,2785102.0,10.65,10.95,346.6000061035156
2025-08-26,2378135.0,423739.0,2801874.0,10.98,11.15,351.6700134277344
2025-08-27,2381729.0,423739.0,2805468.0,11.06,11.17,349.6000061035156
2025-08-28,2345789.0,423739.0,2769528.0,11.09,11.18,345.9800109863281
2025-08-29,2293077.0,423739.0,2716816.0,10.91,10.99,333.8699951171875
2025-09-02,2258335.0,423739.0,2682074.0,10.67,10.82,329.3599853515625
2025-09-03,2261929.0,423739.0,2685668.0,10.61,10.74,334.0899963378906
2025-09-04,2303859.0,423739.0,2727598.0,10.71,11.02,338.5299987792969
2025-09-05,2302661.0,423739.0,2726400.0,10.82,11.16,350.8399963378906
2025-09-08,2313443.0,423739.0,2737182.0,11.16,11.46,346.3999938964844
2025-09-09,2506321.0,423739.0,2930060.0,10.92,11.3,346.9700012207031
2025-09-10,2751911.0,423739.0,3175650.0,10.87,11.35,347.7900085449219
2025-09-11,3082559.0,423739.0,3506298.0,11.04,11.35,368.80999755859375
2025-09-12,3299397.0,423739.0,3723136.0,11.32,11.83,395.94000244140625
2025-09-15,3328149.0,423739.0,3751888.0,12.11,12.48,410.0400085449219
2025-09-16,2587785.0,423739.0,3011524.0,12.32,12.63,421.6199951171875
2025-09-17,2561429.0,423739.0,2985168.0,12.48,12.87,425.8599853515625
2025-09-18,2501529.0,423739.0,2925268.0,12.6,13.02,416.8500061035156
2025-09-19,2459599.0,425326.0,2884925.0,12.01,12.43,426.07000732421875
2025-09-22,2542261.0,425326.0,2967587.0,12.05,12.48,434.2099914550781
2025-09-23,2424857.0,430087.0,2854944.0,12.29,12.52,425.8500061035156
2025-09-24,2118169.0,433261.0,2551430.0,12.15,12.19,442.7900085449219
2025-09-25,2071447.0,436435.0,2507882.0,12.7,12.85,423.3900146484375
2025-09-26,2140931.0,436435.0,2577366.0,12.35,12.38,440.3999938964844
2025-09-29,2258335.0,436435.0,2694770.0,12.73,12.79,443.2099914550781
2025-10-01,2351779.0,438022.0,2789801.0,12.42,12.65,459.4599914550781
2025-10-02,2291879.0,438022.0,2729901.0,12.65,12.86,436.0
2025-10-03,2290681.0,439609.0,2730290.0,11.75,11.96,429.8299865722656
2025-10-06,2264325.0,439609.0,2703934.0,11.63,11.7,453.25
2025-10-07,2291879.0,442783.0,2734662.0,11.93,11.79,433.0899963378906
2025-10-08,2306255.0,445957.0,2752212.0,11.65,11.41,438.69000244140625
2025-10-09,2287087.0,445957.0,2733044.0,11.38,11.32,435.5400085449219
2025-10-10,2279899.0,445957.0,2725856.0,11.38,11.36,413.489990234375
2025-10-13,2267919.0,445957.0,2713876.0,11.43,11.32,435.8999938964844
2025-10-14,2267919.0,445957.0,2713876.0,11.91,11.51,429.239990234375
2025-10-15,2311047.0,445957.0,2757004.0,11.83,11.29,435.1499938964844
2025-10-16,2317037.0,447544.0,2764581.0,11.74,11.43,428.75
2025-10-17,2305057.0,449131.0,2754188.0,11.82,11.52,439.30999755859375
2025-10-20,2281097.0,449131.0,2730228.0,12.2,11.99,447.42999267578125
2025-10-21,2302661.0,449131.0,2751792.0,11.93,11.93,442.6000061035156
2025-10-22,2302661.0,450718.0,2753379.0,11.95,11.84,438.9700012207031
2025-10-23,2258335.0,450718.0,2709053.0,12.29,12.13,448.9800109863281
2025-10-24,2285889.0,450718.0,2736607.0,12.24,12.11,433.7200012207031
2025-10-27,2300265.0,450718.0,2750983.0,11.66,11.54,452.4200134277344
2025-10-28,2314641.0,450718.0,2765359.0,12.04,11.83,460.54998779296875
2025-10-29,2300265.0,452305.0,2752570.0,12.35,12.07,461.510009765625
2025-10-30,2277503.0,460240.0,2737743.0,12.38,11.75,440.1000061035156
2025-11-03,2265523.0,465001.0,2730524.0,12.32,11.67,468.3699951171875
2025-11-04,2260731.0,466588.0,2727319.0,12.71,11.98,444.260009765625
2025-11-05,2252345.0,465001.0,2717346.0,12.7,11.86,462.07000732421875
2025-11-06,2288285.0,461827.0,2750112.0,13.07,12.38,445.9100036621094
2025-11-07,2284691.0,460240.0,2744931.0,13.15,12.43,429.5199890136719
2025-11-10,2229923.0,455479.0,2685402.0,12.42,12.03,445.2300109863281
2025-11-11,2229923.0,455479.0,2685402.0,12.42,12.03,439.6199951171875
2025-11-12,2215803.0,455479.0,2671282.0,12.38,12.13,430.6000061035156
2025-11-13,2112908.0,455479.0,2568387.0,11.96,11.92,401.989990234375
2025-11-14,2082398.0,453892.0,2536290.0,11.78,11.77,404.3500061035156
2025-11-17,2068838.0,453892.0,2522730.0,11.94,11.83,408.9200134277344
2025-11-18,2081268.0,453892.0,2535160.0,12.22,12.17,401.25
2025-11-19,2118558.0,452305.0,2570863.0,12.1,12.09,403.989990234375
2025-11-20,2123078.0,452305.0,2575383.0,12.26,12.15,395.2300109863281
2025-11-21,2132118.0,450718.0,2582836.0,12.44,12.38,391.0899963378906
2025-11-24,2203308.0,450718.0,2654026.0,12.1,12.16,417.7799987792969
2025-11-25,2206698.0,450718.0,2657416.0,12.3,12.5,419.3999938964844
2025-11-26,2204438.0,450718.0,2655156.0,12.26,12.38,426.5799865722656
2025-11-28,2186376.0,450718.0,2637094.0,12.12,12.4,430.1700134277344
2025-12-01,2171868.0,450718.0,2622586.0,12.08,12.42,430.1400146484375
2025-12-02,2116068.0,450718.0,2566786.0,12.37,12.6,429.239990234375
2025-12-03,2097096.0,450718.0,2547814.0,12.26,12.48,446.739990234375
2025-12-04,2126112.0,450718.0,2576830.0,12.36,12.62,454.5299987792969
2025-12-05,2138388.0,453892.0,2592280.0,12.3,12.58,455.0
2025-12-08,2139570.0,457066.0,2596636.0,12.19,12.61,439.5799865722656
2025-12-09,2105657.0,460240.0,2565897.0,11.75,12.17,445.1700134277344
2025-12-10,2116617.0,460240.0,2576857.0,11.82,12.3,451.45001220703125
2025-12-11,2122097.0,460240.0,2582337.0,11.92,12.39,446.8900146484375
2025-12-12,2138537.0,460240.0,2598777.0,11.92,12.09,458.9599914550781
2025-12-15,2063391.0,460240.0,2523631.0,12.17,12.71,475.30999755859375
2025-12-16,1938459.0,461827.0,2400286.0,12.15,13.33,489.8800048828125
2025-12-17,1915160.0,463414.0,2378574.0,12.4,13.68,467.260009765625
2025-12-18,1923264.0,463414.0,2386678.0,12.16,13.51,483.3699951171875
2025-12-19,1874829.0,465001.0,2339830.0,12.32,13.61,481.20001220703125
2025-12-22,1889844.0,466588.0,2356432.0,12.01,13.07,488.7300109863281
2025-12-23,1875216.0,458320.0,2333536.0,11.9,12.5,485.55999755859375
2025-12-24,1866279.0,461374.0,2327653.0,11.96,12.37,485.3999938964844
2025-12-26,1859328.0,461374.0,2320702.0,11.96,12.41,475.19000244140625
2025-12-29,1849398.0,461374.0,2310772.0,11.84,12.36,459.6400146484375
2025-12-30,1840461.0,461374.0,2301835.0,11.6,12.1,454.42999267578125
2026-01-02,1799748.0,462901.0,2262649.0,11.6,11.99,438.07000732421875
2026-01-05,1770951.0,464428.0,2235379.0,11.11,11.31,451.6700134277344
2026-01-06,1772937.0,465955.0,2238892.0,11.05,11.17,432.9599914550781
2026-01-07,1787832.0,470536.0,2258368.0,10.5,10.49,431.4100036621094
2026-01-08,1805706.0,473590.0,2279296.0,10.55,10.55,435.79998779296875
2026-01-09,1794783.0,481225.0,2276008.0,10.73,10.49,445.010009765625
2026-01-12,1782867.0,482752.0,2265619.0,11.0,10.52,448.9599914550781
2026-01-13,1791804.0,484279.0,2276083.0,10.82,10.43,447.20001220703125
2026-01-14,1801734.0,487333.0,2289067.0,10.68,10.46,439.20001220703125
2026-01-15,1728504.0,488860.0,2217364.0,9.99,10.17,438.57000732421875
2026-01-16,1732288.0,496495.0,2228783.0,10.14,10.13,437.5
2026-01-20,1705800.0,496495.0,2202295.0,10.13,9.98,419.25
2026-01-21,1719044.0,496495.0,2215539.0,10.0,9.91,431.44000244140625
2026-01-22,1740802.0,496495.0,2237297.0,10.16,10.13,449.3599853515625
2026-01-23,1976356.0,498022.0,2474378.0,10.35,10.48,449.05999755859375
2026-01-26,1758776.0,499549.0,2258325.0,10.5,10.53,435.20001220703125
2026-01-27,1736072.0,499549.0,2235621.0,10.3,10.43,430.8999938964844
2026-01-28,1734180.0,501076.0,2235256.0,10.21,10.13,431.4599914550781
2026-01-29,1735126.0,501076.0,2236202.0,10.33,10.1,416.55999755859375
2026-01-30,1695394.0,504130.0,2199524.0,10.14,9.96,430.4100036621094
2026-02-02,1687826.0,505657.0,2193483.0,10.88,10.58,421.80999755859375
2026-02-03,1687826.0,505657.0,2193483.0,10.75,10.53,421.9599914550781
2026-02-04,1684042.0,505657.0,2189699.0,10.89,10.16,406.010009765625
2026-02-05,1685934.0,504130.0,2190064.0,10.99,10.39,397.2099914550781
2026-02-06,1680258.0,502603.0,2182861.0,11.3,10.49,411.1099853515625
2026-02-09,1672690.0,502603.0,2175293.0,11.07,10.22,417.32000732421875
2026-02-10,1676474.0,502603.0,2179077.0,10.88,10.09,425.2099914550781
2026-02-11,1646202.0,502603.0,2148805.0,11.12,10.43,428.2699890136719
2026-02-12,1629174.0,501076.0,2130250.0,11.42,10.61,417.07000732421875
2026-02-13,1683096.0,502603.0,2185699.0,11.53,10.56,417.44000244140625
2026-02-17,1678366.0,502603.0,2180969.0,11.23,10.47,410.6300048828125
2026-02-18,1699178.0,502603.0,2201781.0,11.05,10.26,411.32000732421875
2026-02-19,1667960.0,502603.0,2170563.0,10.9,10.13,411.7099914550781
2026-02-20,1632012.0,502603.0,2134615.0,10.76,9.93,411.82000732421875
2026-02-23,1614984.0,502603.0,2117587.0,10.9,10.07,399.8299865722656
2026-02-24,1635796.0,502603.0,2138399.0,10.81,9.94,409.3800048828125
2026-02-25,1655662.0,502603.0,2158265.0,10.77,10.02,417.3999938964844
2026-02-26,1681204.0,502603.0,2183807.0,10.73,10.19,408.5799865722656
2026-02-27,1689718.0,502603.0,2192321.0,10.37,10.01,402.510009765625
2026-03-02,1697286.0,502603.0,2199889.0,10.43,10.04,403.32000732421875
2026-03-03,1702962.0,499549.0,2202511.0,10.29,9.94,392.42999267578125
2026-03-04,1689718.0,499549.0,2189267.0,10.27,9.94,405.94000244140625
2026-03-05,1712422.0,499549.0,2211971.0,10.27,10.08,405.54998779296875
2026-03-06,1707692.0,499549.0,2207241.0,10.36,10.26,396.7300109863281
2026-03-09,1684988.0,499549.0,2184537.0,10.36,10.2,398.67999267578125
2026-03-10,1689718.0,498022.0,2187740.0,10.16,10.01,399.239990234375
2026-03-11,1685934.0,498022.0,2183956.0,10.35,10.1,407.82000732421875
2026-03-12,1685934.0,498022.0,2183956.0,10.57,10.25,395.010009765625
2026-03-13,1684042.0,498022.0,2182064.0,10.57,10.16,391.20001220703125
2026-03-16,1664176.0,498022.0,2162198.0,10.54,10.19,395.55999755859375
2026-03-17,1678366.0,498022.0,2176388.0,10.39,10.13,399.2699890136719
2026-03-18,1693502.0,520927.0,2214429.0,10.34,10.01,392.7799987792969
2026-03-19,1681204.0,498022.0,2179226.0,10.4,10.08,380.29998779296875
2026-03-20,1683096.0,498022.0,2181118.0,10.11,9.77,367.9599914550781
2026-03-23,1618768.0,498022.0,2116790.0,10.08,9.81,380.8500061035156
2026-03-24,1629174.0,498022.0,2127196.0,10.16,9.91,383.0299987792969
2026-03-25,1638634.0,498022.0,2136656.0,10.53,10.05,385.95001220703125
2026-03-26,1641472.0,498022.0,2139494.0,10.53,9.91,372.1099853515625
2026-03-27,1680258.0,498022.0,2178280.0,10.62,9.98,361.8299865722656
2026-03-30,1677420.0,498022.0,2175442.0,10.62,10.02,355.2799987792969
2026-04-01,1671744.0,496495.0,2168239.0,10.41,10.09,381.260009765625
2026-04-02,1677420.0,496495.0,2173915.0,10.54,10.16,360.5899963378906
2026-04-06,1661338.0,496495.0,2157833.0,9.94,9.58,352.82000732421875
2026-04-07,1689955.0,505704.0,2195659.0,9.88,9.47,346.6499938964844
2026-04-08,1674883.0,507305.0,2182188.0,9.72,9.38,343.25
2026-04-09,1680673.0,540515.0,2221188.0,9.43,9.54,345.6199951171875
2026-04-10,1668128.0,542178.0,2210306.0,9.68,9.74,348.95001220703125
2026-04-13,1671023.0,542178.0,2213201.0,9.73,9.74,352.4200134277344
2026-04-14,1684533.0,542178.0,2226711.0,9.47,9.65,364.20001220703125
2026-04-15,1727958.0,542178.0,2270136.0,9.41,9.8,391.95001220703125
2026-04-16,1731818.0,542178.0,2273996.0,9.77,10.32,388.8999938964844
2026-04-17,1733748.0,542178.0,2275926.0,9.71,10.09,400.6199951171875
2026-04-20,1723133.0,550493.0,2273626.0,9.76,10.27,392.5
2026-04-21,1753048.0,553819.0,2306867.0,9.57,10.07,386.4200134277344
2026-04-22,1796473.0,553819.0,2350292.0,9.66,9.99,387.510009765625
2026-04-23,1861128.0,568786.0,2429914.0,9.46,9.84,373.7200012207031
2026-04-24,2041583.0,568786.0,2610369.0,9.49,9.66,376.29998779296875
2026-04-28,1805158.0,553819.0,2358977.0,9.32,9.66,376.0199890136719
2026-04-29,1774278.0,553819.0,2328097.0,9.54,9.85,372.79998779296875
2026-05-01,1653653.0,543841.0,2197494.0,9.73,9.85,390.82000732421875
2026-05-04,1647863.0,543841.0,2191704.0,9.83,10.09,392.510009765625
2026-05-05,1631458.0,543841.0,2175299.0,9.69,10.19,389.3699951171875
2026-05-06,1621808.0,543841.0,2165649.0,9.81,10.16,398.7300109863281
2026-05-07,1624703.0,543841.0,2168544.0,9.69,9.9,411.7900085449219
2026-05-08,1625668.0,568786.0,2194454.0,10.18,10.49,428.3500061035156
2026-05-11,1626633.0,547167.0,2173800.0,10.46,10.6,445.0
2026-05-12,1668128.0,548830.0,2216958.0,10.75,10.76,433.45001220703125
2026-05-13,1658478.0,550493.0,2208971.0,10.7,10.64,445.2699890136719
2026-05-20,1512763.0,555482.0,2068245.0,10.57,10.37,417.260009765625
2026-05-21,1621921.0,558808.0,2180729.0,10.68,10.38,417.8500061035156
2026-05-22,1630615.0,558808.0,2189423.0,10.54,10.42,426.010009765625
2026-05-26,1629649.0,558808.0,2188457.0,10.73,10.4,433.5899963378906
2026-05-27,1624819.0,558808.0,2183627.0,10.85,10.33,440.3599853515625
2026-05-28,1674085.0,560471.0,2234556.0,10.92,10.46,442.1000061035156
2026-05-29,1711759.0,560471.0,2272230.0,10.55,10.22,435.7900085449219
2026-06-02,1706929.0,560471.0,2267400.0,9.86,9.89,423.739990234375
2026-06-03,1706929.0,558808.0,2265737.0,10.23,9.94,423.70001220703125
2026-06-04,1714657.0,558808.0,2273465.0,10.47,10.13,418.45001220703125
2026-06-05,1726249.0,560471.0,2286720.0,10.11,9.99,391.0
2026-06-08,1711759.0,560471.0,2272230.0,10.12,10.03,408.95001220703125
2026-06-09,1711759.0,560471.0,2272230.0,10.42,10.34,396.67999267578125
2026-06-10,1709827.0,560471.0,2270298.0,10.22,10.24,381.5899963378906
2026-06-11,1786141.0,558808.0,2344949.0,10.15,10.25,399.1499938964844
2026-06-16,1730061.0,558808.0,2288869.0,9.4,10.14,404.6600036621094
2026-06-17,1652899.0,557145.0,2210044.0,9.6,10.17,396.3800048828125
2026-06-18,1633138.0,558808.0,2191946.0,9.5,10.04,400.489990234375
2026-06-22,1632909.0,558808.0,2191717.0,9.68,10.02,405.04998779296875
2026-06-23,1627107.0,558808.0,2185915.0,9.95,10.33,381.6099853515625
2026-06-24,1634371.0,557145.0,2191516.0,9.73,10.05,375.5299987792969
2026-06-25,1591339.0,557145.0,2148484.0,9.55,10.06,375.1199951171875
2026-06-26,1586449.0,557145.0,2143594.0,9.59,10.07,379.7099914550781
2026-06-29,1586449.0,557145.0,2143594.0,9.54,10.22,411.8399963378906
2026-07-01,1583515.0,555482.0,2138997.0,10.21,10.6,425.29998779296875
2026-07-02,1610899.0,552156.0,2163055.0,10.18,10.86,393.45001220703125
2026-07-06,1681600.0,552156.0,2233756.0,9.87,10.23,419.7699890136719
2026-07-07,1668340.0,552156.0,2220496.0,10.27,10.73,402.8999938964844
2026-07-08,1670380.0,552156.0,2222536.0,10.12,10.76,394.05999755859375
2026-07-09,1670380.0,552156.0,2222536.0,10.03,10.56,406.54998779296875
2026-07-10,1720360.0,567123.0,2287483.0,10.21,10.85,407.760009765625
2026-07-14,1721380.0,550493.0,2271873.0,10.06,10.91,396.17999267578125
2026-07-15,1670380.0,548830.0,2219210.0,10.15,10.77,394.4599914550781
2026-07-16,1663240.0,548830.0,2212070.0,10.11,10.77,391.05999755859375
2026-07-17,1615300.0,548830.0,2164130.0,10.4,10.98,380.8399963378906
2026-07-20,1609180.0,548830.0,2158010.0,10.32,10.9,369.57000732421875
2026-07-21,1605100.0,547167.0,2152267.0,10.07,10.56,378.92999267578125
2026-07-22,1616320.0,547167.0,2163487.0,9.95,10.51,374.010009765625
2026-07-23,1602040.0,547167.0,2149207.0,10.03,10.42,319.69000244140625
2026-07-24,1692662.0,577563.0,2270225.0,9.38,9.61,313.0299987792969
2026-07-27,1722986.0,577563.0,2300549.0,9.48,9.63,309.2200012207031
2026-07-28,1739550.0,584942.0,2324492.0,9.33,9.59,
